,Unnamed: 0,player10champid,player10lane,player10role,player10summonerid,player10summonername,player1champid,player1lane,player1role,player1summonerid,player1summonername,player2champid,player2lane,player2role,player2summonerid,player2summonername,player3champid,player3lane,player3role,player3summonerid,player3summonername,player4champid,player4lane,player4role,player4summonerid,player4summonername,player5champid,player5lane,player5role,player5summonerid,player5summonername,player6champid,player6lane,player6role,player6summonerid,player6summonername,player7champid,player7lane,player7role,player7summonerid,player7summonername,player8champid,player8lane,player8role,player8summonerid,player8summonername,player9champid,player9lane,player9role,player9summonerid,player9summonername
0,2079015753.0,48.0,TOP,SOLO,23047261.0,Billy Yu,78.0,JUNGLE,NONE,29647265.0,Nexevis,126.0,BOTTOM,DUO_SUPPORT,72519164.0,asdfdjphase,236.0,BOTTOM,DUO_CARRY,28454165.0,runemyear,58.0,TOP,SOLO,21947923.0,I Shadow l,34.0,MIDDLE,SOLO,31687588.0,Freeze,42.0,BOTTOM,DUO_CARRY,50490414.0,WINTER BREAK,238.0,MIDDLE,SOLO,2648.0,Pobelter,40.0,BOTTOM,DUO_SUPPORT,56239277.0,Knight Lance,2.0,JUNGLE,NONE,73459106.0,YuenManLong
1,2078986615.0,40.0,BOTTOM,DUO_SUPPORT,24270448.0,iVier,203.0,JUNGLE,NONE,33809635.0,gregorio,103.0,MIDDLE,SOLO,22436894.0,QG Sw1ft,25.0,BOTTOM,DUO_SUPPORT,22842898.0,Big Otis,236.0,BOTTOM,DUO_CARRY,32292994.0,LL Trigger,114.0,TOP,SOLO,30614752.0,DPSforFPS,154.0,JUNGLE,NONE,22787428.0,SN Fockus,78.0,TOP,SOLO,36782900.0,SN Cavele,67.0,BOTTOM,DUO_CARRY,28447095.0,Vao,7.0,MIDDLE,SOLO,2648.0,Pobelter
2,2078972808.0,112.0,MIDDLE,SOLO,2648.0,Pobelter,223.0,TOP,SOLO,19698094.0,fallenbandit,236.0,BOTTOM,DUO_CARRY,23213125.0,Sikeylol,412.0,BOTTOM,DUO_SUPPORT,20115278.0,Aranium,103.0,MIDDLE,SOLO,21490433.0,goldenglue,76.0,JUNGLE,NONE,21747804.0,Yami,107.0,JUNGLE,NONE,448372.0,Fragnat1c,81.0,BOTTOM,DUO_CARRY,28725693.0,Based Yoona,40.0,BOTTOM,DUO_SUPPORT,47679672.0,iLLesT LoGiK,98.0,TOP,SOLO,22138282.0,AWildMiMo
3,2078961706.0,42.0,MIDDLE,SOLO,2648.0,Pobelter,236.0,BOTTOM,DUO_CARRY,19970245.0,Final Hour Vayne,4.0,MIDDLE,SOLO,27342100.0,LegitKorea,421.0,JUNGLE,NONE,41743864.0,tigerjjayman,40.0,BOTTOM,DUO_SUPPORT,57691156.0,sad yogurt,39.0,TOP,SOLO,20845130.0,TheEggMen,24.0,JUNGLE,NONE,20794181.0,vStarzzz,35.0,BOTTOM,DUO_SUPPORT,21328540.0,McCashDollar,157.0,TOP,SOLO,25021938.0,Wunderful,18.0,BOTTOM,DUO_CARRY,22497176.0,True Miku Fan
4,2074101839.0,99.0,MIDDLE,SOLO,2648.0,Pobelter,23.0,TOP,SOLO,70439369.0,TryndOrDiscoNunu,238.0,MIDDLE,SOLO,30871780.0,CloudNguyen,42.0,BOTTOM,DUO_CARRY,443735.0,GordanRamsey,36.0,JUNGLE,NONE,30125892.0,Nove ,16.0,BOTTOM,DUO_SUPPORT,25880450.0,cuck,236.0,BOTTOM,DUO_CARRY,20610274.0,sexycan,421.0,JUNGLE,NONE,20074883.0,Batmun,40.0,BOTTOM,DUO_SUPPORT,56397325.0,Immortal Adrian,114.0,TOP,SOLO,50236984.0,Super Smashd
5,2073714648.0,81.0,BOTTOM,DUO_CARRY,22991783.0,Im Papa Chau,114.0,TOP,SOLO,19577112.0,Fox BIG,267.0,BOTTOM,DUO_SUPPORT,57029156.0,Hey Man You Own,236.0,BOTTOM,DUO_CARRY,73170082.0,REN Freeze,101.0,MIDDLE,SOLO,28428654.0,ChodeBoy5000,64.0,JUNGLE,NONE,29130154.0,Lackless,104.0,TOP,SOLO,72749305.0,Huni is ADC,99.0,MIDDLE,SOLO,2648.0,Pobelter,412.0,BOTTOM,DUO_SUPPORT,20167809.0,Zerrsog,11.0,JUNGLE,NONE,23715786.0,KitKatxz
6,2073680570.0,59.0,TOP,SOLO,24671130.0,Allorim,104.0,TOP,SOLO,28661557.0,VSG VeryBitter,42.0,BOTTOM,DUO_CARRY,20132258.0,Doublelift,12.0,BOTTOM,DUO_SUPPORT,73120157.0,yellowStar1,60.0,MIDDLE,DUO_SUPPORT,24456215.0,Steefo,238.0,MIDDLE,DUO_CARRY,73099358.0,im not fenix,236.0,BOTTOM,DUO_CARRY,41275742.0,Bulgarian mid,117.0,JUNGLE,NONE,72749305.0,Huni is ADC,4.0,MIDDLE,SOLO,2648.0,Pobelter,40.0,BOTTOM,DUO_SUPPORT,29699937.0,Sanic Boom
7,2073630097.0,133.0,TOP,SOLO,26183864.0,Scherb,432.0,BOTTOM,DUO_SUPPORT,20967557.0,FeelzBardMan,103.0,MIDDLE,SOLO,2648.0,Pobelter,81.0,BOTTOM,DUO_CARRY,27222755.0,Sepeku AW,30.0,JUNGLE,NONE,21259848.0,DiceNrage,104.0,TOP,SOLO,72749305.0,Huni is ADC,115.0,MIDDLE,SOLO,21014987.0,lron Pyrite,78.0,BOTTOM,DUO_SUPPORT,21193669.0,Hakuho,429.0,BOTTOM,DUO_CARRY,20533841.0,TM8,33.0,JUNGLE,NONE,21883744.0,Masterfiend LFT
8,2066366358.0,39.0,MIDDLE,SOLO,2648.0,Pobelter,412.0,BOTTOM,DUO_SUPPORT,65389099.0,OH MY EYE,64.0,JUNGLE,NONE,69769708.0,She Limp,114.0,TOP,SOLO,59589193.0,medium sized DIG,90.0,MIDDLE,SOLO,57039082.0,keanefo,81.0,BOTTOM,DUO_CARRY,43230548.0,Gagdo,48.0,BOTTOM,DUO_SUPPORT,138243.0,One Called Saint,245.0,TOP,SOLO,44979338.0,TransIogic,421.0,JUNGLE,NONE,61109246.0,60 ping,18.0,BOTTOM,DUO_CARRY,51589239.0,Pretty Raheem
9,2061595095.0,432.0,BOTTOM,DUO_SUPPORT,27832011.0,C9 TOXIC JUNGLE,81.0,BOTTOM,DUO_CARRY,32604173.0,UGANDAN ROYALTY,154.0,JUNGLE,NONE,71919334.0,DIG Kirei,53.0,BOTTOM,DUO_SUPPORT,21883744.0,Masterfiend LFT,238.0,MIDDLE,SOLO,27794083.0,Gillette,114.0,TOP,SOLO,65389099.0,OH MY EYE,245.0,MIDDLE,SOLO,2648.0,Pobelter,60.0,JUNGLE,NONE,21747804.0,Yami,48.0,TOP,SOLO,25244896.0,Kunbee,18.0,BOTTOM,DUO_CARRY,44989300.0,C9 StealthBomber
10,2060578858.0,432.0,BOTTOM,DUO_SUPPORT,19360235.0,eryf,131.0,TOP,SOLO,37876161.0,S Diana 2,238.0,MIDDLE,SOLO,34022147.0,Tuesday Chicken,236.0,BOTTOM,DUO_CARRY,30512424.0,1brayle,25.0,BOTTOM,DUO_SUPPORT,22991783.0,Im Papa Chau,60.0,JUNGLE,NONE,20579425.0,Thyak,76.0,JUNGLE,NONE,72839308.0,DontCheese,41.0,MIDDLE,SOLO,2648.0,Pobelter,81.0,BOTTOM,DUO_CARRY,21806931.0,Xenoncas,54.0,TOP,SOLO,26504490.0,Teechu
11,2060092530.0,223.0,BOTTOM,DUO_SUPPORT,26676087.0,1035716423,48.0,BOTTOM,DUO,20823651.0,Liquid Smoothie,236.0,BOTTOM,DUO,27921067.0,EXLTRIKZ,238.0,MIDDLE,SOLO,2648.0,Pobelter,57.0,TOP,SOLO,21472039.0,Tower of God,59.0,JUNGLE,NONE,22951043.0,NRG M0on,21.0,BOTTOM,DUO_CARRY,72219088.0,jungle is succes,112.0,MIDDLE,SOLO,28957790.0,1 for all,98.0,TOP,SOLO,65389099.0,OH MY EYE,104.0,JUNGLE,NONE,72849271.0,sanspareil2016
12,2060061385.0,64.0,JUNGLE,NONE,72219088.0,jungle is succes,48.0,BOTTOM,DUO_SUPPORT,35592112.0,stuntopolis,236.0,BOTTOM,DUO_CARRY,44989300.0,C9 StealthBomber,104.0,JUNGLE,NONE,72849271.0,sanspareil2016,36.0,TOP,SOLO,21883744.0,Masterfiend LFT,61.0,MIDDLE,SOLO,54888638.0,Dir Yuny,81.0,BOTTOM,DUO_CARRY,44979328.0,Peng Yiliang,150.0,TOP,SOLO,390600.0,C9 Meteos,40.0,BOTTOM,DUO_SUPPORT,47706407.0,Liquid Pain,127.0,MIDDLE,SOLO,2648.0,Pobelter
13,2059176856.0,2.0,TOP,SOLO,72839308.0,DontCheese,236.0,BOTTOM,DUO_CARRY,65989131.0,KOTHMCBROFF,54.0,TOP,SOLO,68441133.0,TedddyRO,40.0,BOTTOM,DUO_SUPPORT,56397325.0,Immortal Adrian,60.0,JUNGLE,NONE,19577112.0,Fox BIG,238.0,MIDDLE,SOLO,19877155.0,cesuna,103.0,MIDDLE,SOLO,2648.0,Pobelter,64.0,JUNGLE,NONE,21747804.0,Yami,222.0,BOTTOM,DUO_CARRY,34196431.0,Beautiful Virgin,1.0,BOTTOM,DUO_SUPPORT,35590582.0,Annie Bot
14,2059160649.0,15.0,BOTTOM,DUO_CARRY,23162732.0,JayJ,236.0,BOTTOM,DUO_CARRY,21542029.0,Grigne,154.0,JUNGLE,NONE,21747804.0,Yami,105.0,MIDDLE,SOLO,30206248.0,ktsmurf XD,2.0,TOP,SOLO,21883744.0,Masterfiend LFT,98.0,BOTTOM,DUO_SUPPORT,20576181.0,Bodydr0p,4.0,MIDDLE,SOLO,2648.0,Pobelter,114.0,TOP,SOLO,72581260.0,import top,16.0,BOTTOM,DUO_SUPPORT,568629.0,Raigarak,421.0,JUNGLE,NONE,72839308.0,DontCheese
15,2058888769.0,58.0,TOP,SOLO,37542769.0,myQQ1035716423,61.0,MIDDLE,SOLO,20430775.0,Lutano,21.0,BOTTOM,DUO_CARRY,20739331.0,White,92.0,TOP,SOLO,2648.0,Pobelter,412.0,BOTTOM,DUO_SUPPORT,31555234.0,jamee,32.0,JUNGLE,NONE,55963358.0,snowjapanman,131.0,MIDDLE,SOLO,37876161.0,S Diana 2,236.0,BOTTOM,NONE,62372968.0,STR Near,76.0,BOTTOM,NONE,30125892.0,Nove ,267.0,BOTTOM,NONE,56397325.0,Immortal Adrian
16,2058078761.0,412.0,BOTTOM,DUO_SUPPORT,21144092.0,Zergbby,4.0,MIDDLE,SOLO,25104341.0,SSBM Hax,42.0,BOTTOM,DUO_CARRY,69719185.0,chelly,41.0,TOP,SOLO,65389099.0,OH MY EYE,56.0,JUNGLE,NONE,568629.0,Raigarak,16.0,BOTTOM,DUO_SUPPORT,38038926.0,consensual cl0wn,131.0,MIDDLE,SOLO,37876161.0,S Diana 2,107.0,JUNGLE,NONE,21747804.0,Yami,81.0,BOTTOM,DUO_CARRY,2648.0,Pobelter,39.0,TOP,SOLO,19846821.0,Xazo
17,2058036195.0,33.0,JUNGLE,NONE,39040566.0,Liquid Matt,4.0,MIDDLE,SOLO,25104341.0,SSBM Hax,67.0,BOTTOM,DUO_CARRY,38038926.0,consensual cl0wn,41.0,TOP,SOLO,69719185.0,chelly,412.0,BOTTOM,DUO_SUPPORT,20823651.0,Liquid Smoothie,421.0,JUNGLE,NONE,25244896.0,Kunbee,89.0,BOTTOM,DUO_SUPPORT,568629.0,Raigarak,236.0,BOTTOM,DUO_CARRY,21103810.0,Andybendy,134.0,JUNGLE,NONE,2648.0,Pobelter,238.0,TOP,SOLO,20332093.0,The Italian God
18,2057924607.0,222.0,BOTTOM,SOLO,69719185.0,chelly,127.0,TOP,SOLO,20823651.0,Liquid Smoothie,64.0,JUNGLE,NONE,21747804.0,Yami,18.0,BOTTOM,DUO_CARRY,34287847.0,Liquid fabbbyyy,157.0,JUNGLE,NONE,21124626.0,Rikara,12.0,BOTTOM,DUO_SUPPORT,39040566.0,Liquid Matt,92.0,TOP,SOLO,62000829.0,iQQ1035716423,53.0,JUNGLE,NONE,21883744.0,Masterfiend LFT,4.0,MIDDLE,SOLO,2648.0,Pobelter,421.0,JUNGLE,NONE,22951043.0,NRG M0on
19,2057878254.0,126.0,TOP,SOLO,22507642.0,windking6,16.0,BOTTOM,DUO_SUPPORT,36111109.0,ZatsMod,134.0,MIDDLE,SOLO,2648.0,Pobelter,41.0,TOP,SOLO,21324344.0,blobs,133.0,BOTTOM,DUO_CARRY,20024227.0,Romanium,48.0,JUNGLE,NONE,25244896.0,Kunbee,81.0,BOTTOM,DUO_CARRY,21124626.0,Rikara,4.0,MIDDLE,SOLO,23765764.0,Akunorogia,53.0,BOTTOM,DUO_SUPPORT,31014009.0,Stixxay,64.0,JUNGLE,NONE,21747804.0,Yami
20,2057856116.0,78.0,JUNGLE,NONE,51731724.0,Ninjacrab,429.0,BOTTOM,DUO_CARRY,51589239.0,Pretty Raheem,64.0,JUNGLE,NONE,47651522.0,07scaping,114.0,TOP,SOLO,35592112.0,stuntopolis,103.0,MIDDLE,SOLO,44979338.0,TransIogic,53.0,BOTTOM,DUO_SUPPORT,56397325.0,Immortal Adrian,4.0,MIDDLE,SOLO,2648.0,Pobelter,2.0,JUNGLE,NONE,21367804.0,Bambie,432.0,BOTTOM,DUO_SUPPORT,20962682.0,Sheep6,18.0,BOTTOM,DUO_CARRY,23694674.0,clowob
21,2057814194.0,64.0,JUNGLE,NONE,65389099.0,OH MY EYE,7.0,MIDDLE,SOLO,29248275.0,Revenge,80.0,TOP,SOLO,68441133.0,TedddyRO,236.0,BOTTOM,DUO_CARRY,72849271.0,sanspareil2016,76.0,JUNGLE,NONE,39724091.0,hi its viper,161.0,BOTTOM,DUO_SUPPORT,581716.0,Wolfelol,114.0,TOP,SOLO,564332.0,Lowrlo,4.0,MIDDLE,SOLO,2648.0,Pobelter,412.0,BOTTOM,DUO_SUPPORT,69719185.0,chelly,429.0,BOTTOM,DUO_CARRY,34287847.0,Liquid fabbbyyy
22,2057522516.0,223.0,BOTTOM,DUO_SUPPORT,22046494.0,Hairyabs,412.0,BOTTOM,DUO_SUPPORT,69719185.0,chelly,24.0,TOP,SOLO,65389099.0,OH MY EYE,117.0,MIDDLE,SOLO,22991783.0,Im Papa Chau,42.0,BOTTOM,DUO_CARRY,65409090.0,GodPiglet,64.0,JUNGLE,NONE,32653422.0,skcepsxmB,107.0,JUNGLE,NONE,20389591.0,NA Inori,18.0,BOTTOM,DUO_CARRY,44989300.0,C9 StealthBomber,54.0,TOP,SOLO,532825.0,Chorong,4.0,MIDDLE,SOLO,2648.0,Pobelter
23,2057491078.0,81.0,BOTTOM,DUO_CARRY,581716.0,Wolfelol,432.0,BOTTOM,DUO_SUPPORT,47165206.0,STR Sawyer,76.0,JUNGLE,NONE,21747804.0,Yami,429.0,BOTTOM,DUO_CARRY,21103810.0,Andybendy,54.0,TOP,SOLO,19846821.0,Xazo,103.0,MIDDLE,SOLO,2648.0,Pobelter,203.0,JUNGLE,NONE,72849271.0,sanspareil2016,114.0,TOP,SOLO,65389099.0,OH MY EYE,238.0,MIDDLE,SOLO,69719185.0,chelly,16.0,BOTTOM,DUO_SUPPORT,20112175.0,Rohammers
24,2057446802.0,42.0,BOTTOM,DUO_CARRY,65389099.0,OH MY EYE,12.0,BOTTOM,DUO_SUPPORT,47706407.0,Liquid Pain,21.0,BOTTOM,DUO_CARRY,51589239.0,Pretty Raheem,64.0,JUNGLE,NONE,21747804.0,Yami,114.0,TOP,SOLO,44979338.0,TransIogic,103.0,MIDDLE,SOLO,2648.0,Pobelter,36.0,TOP,SOLO,20112175.0,Rohammers,41.0,MIDDLE,SOLO,581716.0,Wolfelol,223.0,BOTTOM,DUO_SUPPORT,56397325.0,Immortal Adrian,76.0,JUNGLE,NONE,72849271.0,sanspareil2016
25,2057397548.0,107.0,MIDDLE,DUO_SUPPORT,19877155.0,cesuna,111.0,BOTTOM,DUO_SUPPORT,20389591.0,NA Inori,64.0,JUNGLE,NONE,21747804.0,Yami,13.0,MIDDLE,SOLO,44979338.0,TransIogic,81.0,BOTTOM,DUO_CARRY,51589239.0,Pretty Raheem,48.0,TOP,SOLO,72849271.0,sanspareil2016,85.0,BOTTOM,DUO_CARRY,65989131.0,KOTHMCBROFF,114.0,TOP,SOLO,65389099.0,OH MY EYE,412.0,BOTTOM,DUO_SUPPORT,19577112.0,Fox BIG,4.0,MIDDLE,DUO_CARRY,2648.0,Pobelter
26,2057359231.0,103.0,MIDDLE,DUO_CARRY,44979338.0,TransIogic,85.0,BOTTOM,DUO_CARRY,65989131.0,KOTHMCBROFF,61.0,MIDDLE,SOLO,28039649.0,Chunkylol,33.0,TOP,SOLO,19877155.0,cesuna,12.0,BOTTOM,DUO_SUPPORT,19577112.0,Fox BIG,60.0,JUNGLE,NONE,2648.0,Pobelter,64.0,MIDDLE,DUO_SUPPORT,21747804.0,Yami,429.0,BOTTOM,DUO_CARRY,51589239.0,Pretty Raheem,38.0,TOP,SOLO,72849271.0,sanspareil2016,111.0,BOTTOM,DUO_SUPPORT,20389591.0,NA Inori
27,2057299689.0,432.0,BOTTOM,DUO_SUPPORT,51589239.0,Pretty Raheem,236.0,BOTTOM,DUO_CARRY,65409090.0,GodPiglet,63.0,MIDDLE,SOLO,47706407.0,Liquid Pain,76.0,JUNGLE,NONE,72849271.0,sanspareil2016,122.0,TOP,SOLO,68441133.0,TedddyRO,12.0,BOTTOM,DUO_SUPPORT,47594464.0,DogPiglet,223.0,TOP,SOLO,65389099.0,OH MY EYE,64.0,JUNGLE,NONE,44979338.0,TransIogic,103.0,MIDDLE,SOLO,2648.0,Pobelter,81.0,BOTTOM,DUO_CARRY,22140119.0,wxmx
28,2056461388.0,223.0,TOP,SOLO,19199530.0,Xpecial,29.0,BOTTOM,DUO_CARRY,44989300.0,C9 StealthBomber,64.0,JUNGLE,NONE,390600.0,C9 Meteos,12.0,BOTTOM,DUO_SUPPORT,69719185.0,chelly,150.0,TOP,SOLO,21747804.0,Yami,81.0,MIDDLE,SOLO,21103810.0,Andybendy,28.0,JUNGLE,NONE,22991783.0,Im Papa Chau,42.0,BOTTOM,DUO_CARRY,51802872.0,STFU Tit Jeremy,25.0,BOTTOM,DUO_SUPPORT,19969614.0,K The Lost King,238.0,MIDDLE,SOLO,2648.0,Pobelter
29,2056362840.0,143.0,BOTTOM,DUO_SUPPORT,38907423.0,Mithos Yggdrasil,48.0,JUNGLE,NONE,47165206.0,STR Sawyer,122.0,TOP,SOLO,21883744.0,Masterfiend LFT,103.0,MIDDLE,SOLO,28039649.0,Chunkylol,421.0,JUNGLE,NONE,72849271.0,sanspareil2016,67.0,BOTTOM,SOLO,26530897.0,who is she,99.0,MIDDLE,SOLO,581716.0,Wolfelol,81.0,BOTTOM,DUO_CARRY,2648.0,Pobelter,56.0,JUNGLE,NONE,27794083.0,Gillette,114.0,TOP,SOLO,20112175.0,Rohammers
30,2056318491.0,4.0,MIDDLE,SOLO,2648.0,Pobelter,134.0,MIDDLE,SOLO,581716.0,Wolfelol,25.0,TOP,SOLO,20112175.0,Rohammers,429.0,BOTTOM,DUO_CARRY,24332462.0,KiWiKiD,64.0,JUNGLE,NONE,21490433.0,goldenglue,412.0,BOTTOM,DUO_SUPPORT,21883744.0,Masterfiend LFT,33.0,TOP,SOLO,68441133.0,TedddyRO,236.0,BOTTOM,DUO_CARRY,28725693.0,Based Yoona,421.0,JUNGLE,NONE,20389591.0,NA Inori,26.0,BOTTOM,DUO_SUPPORT,19877155.0,cesuna
31,2056273430.0,127.0,TOP,SOLO,20112175.0,Rohammers,4.0,MIDDLE,SOLO,73099358.0,im not fenix,104.0,JUNGLE,NONE,71701144.0,d4rdoch,54.0,TOP,SOLO,56239277.0,Elizabeth Liones,67.0,BOTTOM,DUO_CARRY,2648.0,Pobelter,48.0,BOTTOM,DUO_SUPPORT,26437250.0,Flutterswain,134.0,MIDDLE,SOLO,581716.0,Wolfelol,15.0,BOTTOM,DUO_CARRY,24332462.0,KiWiKiD,43.0,BOTTOM,DUO_SUPPORT,40661961.0,The Tank Man,64.0,JUNGLE,NONE,21490433.0,goldenglue
32,2056230668.0,42.0,BOTTOM,DUO_CARRY,2648.0,Pobelter,76.0,JUNGLE,NONE,72849271.0,sanspareil2016,81.0,BOTTOM,DUO_CARRY,51589239.0,Pretty Raheem,54.0,TOP,SOLO,21883744.0,Masterfiend LFT,112.0,MIDDLE,SOLO,44979338.0,TransIogic,40.0,BOTTOM,DUO_SUPPORT,47706407.0,Liquid Pain,41.0,MIDDLE,SOLO,581716.0,Wolfelol,64.0,JUNGLE,NONE,22507642.0,windking6,150.0,TOP,SOLO,24494578.0,Poppers OP,48.0,BOTTOM,DUO_SUPPORT,19199530.0,Xpecial
33,2056027117.0,21.0,BOTTOM,DUO_CARRY,38924512.0,hi i am CURSED,107.0,TOP,SOLO,73119953.0,Flaxxish,81.0,BOTTOM,DUO_CARRY,2648.0,Pobelter,76.0,JUNGLE,NONE,22951043.0,NRG M0on,43.0,BOTTOM,DUO_SUPPORT,40661961.0,The Tank Man,91.0,MIDDLE,SOLO,44952557.0,Scrumm,117.0,TOP,SOLO,72849271.0,sanspareil2016,41.0,MIDDLE,SOLO,21903966.0,Pekin Woof,161.0,BOTTOM,DUO_SUPPORT,581716.0,Wolfelol,64.0,JUNGLE,NONE,32932398.0,Contractz
34,2055633452.0,92.0,TOP,SOLO,2648.0,Pobelter,76.0,JUNGLE,NONE,22951043.0,NRG M0on,114.0,TOP,SOLO,73119953.0,Flaxxish,236.0,BOTTOM,DUO_CARRY,170340.0,Lil TM8,111.0,BOTTOM,DUO_SUPPORT,73169861.0,HustlinBonNA,238.0,MIDDLE,SOLO,34687275.0,Twitch Z Y XYDRA,131.0,MIDDLE,SOLO,43230548.0,lIIllIllIl,64.0,JUNGLE,NONE,69769708.0,She Limp,432.0,BOTTOM,DUO_SUPPORT,24560785.0,Pooky Wan Kenobi,81.0,BOTTOM,DUO_CARRY,23162732.0,JayJ
35,2054650177.0,104.0,BOTTOM,DUO_CARRY,21367804.0,Bambie,38.0,MIDDLE,SOLO,65409090.0,GodPiglet,26.0,BOTTOM,DUO_SUPPORT,390600.0,C9 Meteos,15.0,BOTTOM,DUO_CARRY,44989300.0,C9 StealthBomber,75.0,TOP,SOLO,68441133.0,TedddyRO,60.0,JUNGLE,NONE,22046494.0,Hairyabs,238.0,MIDDLE,SOLO,2648.0,Pobelter,76.0,JUNGLE,NONE,69769708.0,She Limp,54.0,TOP,SOLO,28609701.0,Riesig,48.0,BOTTOM,DUO_SUPPORT,532825.0,Chorong
36,2054572552.0,13.0,TOP,SOLO,19770082.0,Cris,53.0,BOTTOM,DUO_SUPPORT,19877155.0,cesuna,42.0,BOTTOM,DUO_CARRY,51589239.0,Pretty Raheem,76.0,JUNGLE,NONE,39724091.0,hi its viper,92.0,TOP,SOLO,29248275.0,Revenge,41.0,MIDDLE,SOLO,2648.0,Pobelter,203.0,JUNGLE,NONE,72849271.0,sanspareil2016,412.0,BOTTOM,DUO_SUPPORT,47706407.0,Liquid Pain,236.0,BOTTOM,DUO_CARRY,21903966.0,Pekin Woof,80.0,MIDDLE,SOLO,68441133.0,TedddyRO
37,2054268911.0,48.0,TOP,SOLO,24270448.0,iVier,33.0,JUNGLE,NONE,21883744.0,Masterfiend LFT,114.0,TOP,SOLO,20112175.0,Rohammers,81.0,MIDDLE,SOLO,581716.0,Wolfelol,236.0,BOTTOM,DUO_CARRY,29699937.0,Sanic Boom,432.0,BOTTOM,DUO_SUPPORT,72839334.0,OG DoubleG,412.0,BOTTOM,DUO_SUPPORT,21542029.0,Grigne,4.0,MIDDLE,SOLO,2648.0,Pobelter,21.0,BOTTOM,DUO_CARRY,56579871.0,coolrichkid123,64.0,JUNGLE,NONE,72849271.0,sanspareil2016
38,2054176078.0,81.0,MIDDLE,SOLO,2648.0,Pobelter,76.0,JUNGLE,NONE,20726321.0,1035716423QQ,12.0,TOP,SOLO,29699937.0,Sanic Boom,16.0,BOTTOM,DUO_SUPPORT,21883744.0,Masterfiend LFT,58.0,MIDDLE,SOLO,20024227.0,Romanium,21.0,BOTTOM,DUO_CARRY,72849271.0,sanspareil2016,18.0,BOTTOM,DUO_CARRY,44989300.0,C9 StealthBomber,117.0,TOP,SOLO,23162732.0,JayJ,432.0,BOTTOM,DUO_SUPPORT,72839334.0,OG DoubleG,78.0,JUNGLE,NONE,390600.0,C9 Meteos
39,2054104468.0,236.0,BOTTOM,DUO_CARRY,564332.0,Lowrlo,42.0,BOTTOM,DUO_CARRY,170340.0,Lil TM8,85.0,TOP,SOLO,27519370.0,Bobjenkins,201.0,BOTTOM,DUO_SUPPORT,21193669.0,Hakuho,91.0,MIDDLE,SOLO,44952557.0,Scrumm,102.0,JUNGLE,NONE,581716.0,Wolfelol,117.0,MIDDLE,SOLO,2648.0,Pobelter,120.0,TOP,SOLO,22507642.0,windking6,64.0,JUNGLE,NONE,71701144.0,lee gosu,161.0,BOTTOM,DUO_SUPPORT,21903966.0,Pekin Woof
40,2078745822.0,134.0,MIDDLE,SOLO,21498922.0,TR Linsanity,121.0,JUNGLE,NONE,47371195.0,Kurttttttttttttt,223.0,TOP,SOLO,20112175.0,Rohammers,81.0,BOTTOM,DUO_CARRY,26737937.0,Zzzzzzzzz Baby,412.0,BOTTOM,DUO_SUPPORT,25403638.0,Reservation,4.0,MIDDLE,SOLO,28609701.0,Riesig,76.0,JUNGLE,NONE,21747804.0,Yami,41.0,TOP,SOLO,24671130.0,Allorim,236.0,BOTTOM,DUO_CARRY,20074883.0,Junglar OnLee,40.0,BOTTOM,DUO_SUPPORT,30109995.0,Dylan Q Ta
41,2078856823.0,25.0,BOTTOM,DUO_SUPPORT,27240475.0,Alex The Chief,64.0,JUNGLE,NONE,20113883.0,Partikle,99.0,MIDDLE,SOLO,73099728.0,Yeoni,42.0,BOTTOM,DUO_CARRY,19259932.0,Geranimo,432.0,BOTTOM,DUO_SUPPORT,23014847.0,I AM COREAN,114.0,TOP,SOLO,20947579.0,GG Oddie,81.0,BOTTOM,DUO_CARRY,34983603.0,Licorice,122.0,TOP,SOLO,21328659.0,Rakyero,78.0,JUNGLE,NONE,51731724.0,Ninjacrab,62.0,MIDDLE,SOLO,24822765.0,ThePrimaryEdict
42,2078847790.0,134.0,MIDDLE,SOLO,38249375.0,I Have Dominated,76.0,JUNGLE,NONE,20947579.0,GG Oddie,412.0,BOTTOM,DUO_SUPPORT,442232.0,aphromoo,103.0,MIDDLE,SOLO,19099654.0,k3soju,42.0,BOTTOM,DUO_CARRY,22325691.0,2ya,27.0,TOP,SOLO,19470447.0,Minishcap1,236.0,BOTTOM,DUO_CARRY,20984584.0,Stevens,33.0,JUNGLE,NONE,51731724.0,Ninjacrab,92.0,TOP,SOLO,34983603.0,Licorice,267.0,BOTTOM,DUO_SUPPORT,38772045.0,bernie4president
43,2078853518.0,40.0,BOTTOM,DUO_SUPPORT,25120940.0,Lyful,223.0,BOTTOM,DUO_SUPPORT,24777351.0,KR Support in NA,114.0,TOP,SOLO,34983603.0,Licorice,67.0,BOTTOM,DUO_CARRY,24391296.0,Philly Funtime,38.0,JUNGLE,NONE,53282690.0,Hi im ali,33.0,JUNGLE,NONE,51731724.0,Ninjacrab,112.0,MIDDLE,SOLO,35336480.0,Outclass,36.0,TOP,SOLO,20211075.0,IlIIIlIlIIIlIlIl,254.0,JUNGLE,NONE,22465516.0,ScYx17,29.0,BOTTOM,DUO_CARRY,21567033.0,Edgeism
44,2078844643.0,42.0,BOTTOM,DUO_CARRY,398566.0,OmegaB,104.0,MIDDLE,SOLO,20188990.0,Starr,28.0,JUNGLE,NONE,217113.0,le memes XD,40.0,BOTTOM,DUO_SUPPORT,24662712.0,Doctapimpin,81.0,BOTTOM,DUO_CARRY,23172578.0,Luminus,54.0,TOP,SOLO,20107377.0,Izine,91.0,MIDDLE,SOLO,44952557.0,Scrumm,33.0,JUNGLE,NONE,51731724.0,Ninjacrab,412.0,BOTTOM,DUO_SUPPORT,21947923.0,I Shadow l,39.0,TOP,SOLO,34983603.0,Licorice
45,2078835788.0,33.0,JUNGLE,NONE,51731724.0,Ninjacrab,28.0,JUNGLE,NONE,217113.0,le memes XD,63.0,BOTTOM,DUO_SUPPORT,73119120.0,Hansir,104.0,TOP,SOLO,35110993.0,I Want My Cigar,134.0,MIDDLE,SOLO,28309453.0,M B,119.0,BOTTOM,DUO_CARRY,19885411.0,Tyler1 Reformed,24.0,TOP,SOLO,34983603.0,Licorice,4.0,MIDDLE,SOLO,23010446.0,G String Only,201.0,BOTTOM,DUO_SUPPORT,43636202.0,lovecaocao001,81.0,BOTTOM,DUO_CARRY,56239277.0,Knight Lance
46,2078832825.0,201.0,BOTTOM,DUO_SUPPORT,31724464.0,curz,40.0,BOTTOM,DUO_SUPPORT,26635798.0,Zeg Prime,15.0,BOTTOM,DUO_CARRY,44182421.0,Sjvir,36.0,JUNGLE,NONE,53282690.0,Hi im ali,99.0,MIDDLE,SOLO,19285521.0,Zeypherr,54.0,TOP,SOLO,19997606.0,The Alpha Male,112.0,MIDDLE,SOLO,57029156.0,Hey Man You Own,421.0,JUNGLE,NONE,30938311.0,Jon The Jungler,67.0,BOTTOM,DUO_CARRY,25373950.0,LemurHumper,78.0,TOP,SOLO,34983603.0,Licorice
47,2078830199.0,13.0,MIDDLE,SOLO,30206248.0,ktsmurf XD,81.0,BOTTOM,DUO_SUPPORT,57029156.0,Hey Man You Own,33.0,JUNGLE,NONE,51731724.0,Ninjacrab,54.0,TOP,SOLO,47651522.0,07scaping,236.0,BOTTOM,DUO_CARRY,34983603.0,Licorice,105.0,MIDDLE,SOLO,53376375.0,Timeless y,104.0,JUNGLE,NONE,21542029.0,Grigne,16.0,BOTTOM,DUO_SUPPORT,51536565.0,carlyraejepsen69,133.0,TOP,SOLO,23715786.0,KitKatxz,42.0,BOTTOM,DUO_CARRY,20115278.0,Aranium
48,2078807968.0,78.0,TOP,SOLO,34983603.0,Licorice,81.0,BOTTOM,DUO_CARRY,39071591.0,Critsyl,103.0,MIDDLE,SOLO,525607.0,Diamond,203.0,JUNGLE,NONE,73759302.0,Taikki,12.0,BOTTOM,DUO_SUPPORT,53376375.0,Timeless y,223.0,TOP,SOLO,47651522.0,07scaping,51.0,BOTTOM,DUO_CARRY,57029156.0,Hey Man You Own,53.0,BOTTOM,DUO_SUPPORT,23715786.0,KitKatxz,127.0,MIDDLE,SOLO,19787999.0,Liquid zig,107.0,JUNGLE,NONE,38249375.0,I Have Dominated
49,2078813017.0,78.0,TOP,SOLO,34983603.0,Licorice,68.0,JUNGLE,NONE,23040080.0,Crying,12.0,BOTTOM,DUO_SUPPORT,20058883.0,MooMooMoooo,268.0,MIDDLE,SOLO,19984811.0,hacking machine,114.0,TOP,SOLO,48547745.0,Fill LFT,429.0,BOTTOM,DUO_CARRY,21136629.0,Danny Cute Body,112.0,MIDDLE,SOLO,57029156.0,Hey Man You Own,236.0,BOTTOM,DUO_CARRY,7250.0,ApoIlo Price,76.0,JUNGLE,NONE,28897827.0,PARKJONGWON,40.0,BOTTOM,DUO_SUPPORT,22478427.0,Biofrost 
50,2078789710.0,24.0,TOP,SOLO,34983603.0,Licorice,76.0,JUNGLE,NONE,32730899.0,TiP Sub Beibei,63.0,JUNGLE,NONE,21947923.0,I Shadow l,51.0,BOTTOM,SOLO,64141304.0,NiNiGod,4.0,MIDDLE,SOLO,25935242.0,banana baileys,114.0,TOP,SOLO,19209176.0,RF Legendary,12.0,BOTTOM,SOLO,57029156.0,Hey Man You Own,157.0,MIDDLE,SOLO,36447212.0,AsianSGpotato,81.0,JUNGLE,NONE,22154562.0,sunaura,28.0,JUNGLE,NONE,53630931.0,Young Spoderz
51,2078784220.0,53.0,BOTTOM,DUO_SUPPORT,19967304.0,Shiphtur,154.0,TOP,SOLO,70139078.0,Luck TesTnT,143.0,BOTTOM,DUO_SUPPORT,57029156.0,Hey Man You Own,64.0,JUNGLE,NONE,34983603.0,Licorice,236.0,BOTTOM,DUO_CARRY,30042959.0,Che Thai,157.0,MIDDLE,SOLO,27794083.0,Gillette,104.0,JUNGLE,NONE,71919334.0,DIG Kirei,78.0,TOP,SOLO,28329804.0,Tired Toplaner,42.0,BOTTOM,DUO_CARRY,28725693.0,Based Yoona,41.0,MIDDLE,SOLO,21490433.0,goldenglue
52,2078765381.0,64.0,JUNGLE,NONE,34983603.0,Licorice,131.0,JUNGLE,NONE,59145200.0,RemindMeRemi,16.0,BOTTOM,DUO_SUPPORT,40661961.0,The Tank Man,67.0,BOTTOM,DUO_CARRY,30042959.0,Che Thai,103.0,MIDDLE,SOLO,32299406.0,I AM TOO BUFF,111.0,TOP,SOLO,58746866.0,DevilMercury,40.0,BOTTOM,DUO_SUPPORT,24760331.0,evilaxeL,154.0,TOP,SOLO,70139078.0,Luck TesTnT,51.0,BOTTOM,DUO_CARRY,57029156.0,Hey Man You Own,105.0,MIDDLE,SOLO,35796485.0,MrJuneJune
53,2078718669.0,114.0,TOP,SOLO,34983603.0,Licorice,4.0,MIDDLE,SOLO,27222755.0,Sepeku AW,421.0,JUNGLE,NONE,23855467.0,Shorthop,41.0,TOP,SOLO,36843028.0,Shadytreee,12.0,BOTTOM,DUO_SUPPORT,22434579.0,Ensign Ledo,81.0,BOTTOM,DUO_CARRY,47153114.0,Forest or Troll,76.0,JUNGLE,NONE,19926474.0,Haruka,42.0,BOTTOM,DUO_CARRY,30042959.0,Che Thai,103.0,MIDDLE,SOLO,57539163.0,MBR LOD,25.0,BOTTOM,DUO_SUPPORT,57029156.0,Hey Man You Own
54,2078688096.0,4.0,MIDDLE,SOLO,22033467.0,VoiDBosS,412.0,BOTTOM,DUO_SUPPORT,32863459.0,Edxecutus,39.0,TOP,SOLO,34983603.0,Licorice,76.0,JUNGLE,NONE,28978271.0,deps,45.0,MIDDLE,SOLO,50877721.0,Doubtfull,81.0,BOTTOM,DUO_CARRY,57029156.0,Hey Man You Own,117.0,TOP,SOLO,50749225.0,SoreScar,78.0,BOTTOM,DUO_SUPPORT,24332462.0,KiWiKiD,429.0,BOTTOM,DUO_CARRY,7250.0,ApoIlo Price,245.0,JUNGLE,NONE,20082683.0,Quantum Fizzics
55,2078662403.0,412.0,BOTTOM,DUO_SUPPORT,57029156.0,Hey Man You Own,60.0,JUNGLE,NONE,21402394.0,ProofOfPayment,24.0,TOP,SOLO,20984584.0,GIET MAMAW PHIL,4.0,MIDDLE,SOLO,21260950.0,Lydia IX,81.0,BOTTOM,DUO_CARRY,35110993.0,I Want My Cigar,40.0,BOTTOM,DUO_SUPPORT,48547745.0,Fill LFT,117.0,MIDDLE,SOLO,20167809.0,Zerrsog,78.0,TOP,SOLO,34983603.0,Licorice,64.0,JUNGLE,NONE,19912360.0,Secret EU ADC,236.0,BOTTOM,DUO_CARRY,28978271.0,deps
56,2078642555.0,51.0,BOTTOM,DUO_CARRY,48547745.0,Fill LFT,238.0,MIDDLE,SOLO,37755868.0,Insidious Slayer,34.0,TOP,SOLO,43807141.0,iluvcurry69,245.0,JUNGLE,NONE,29524119.0,Biu Biu Bia QVQ,22.0,BOTTOM,DUO_CARRY,20984584.0,GIET MAMAW PHIL,25.0,BOTTOM,DUO_SUPPORT,32863459.0,Edxecutus,60.0,JUNGLE,NONE,53630931.0,Young Spoderz,150.0,TOP,SOLO,21679233.0,LearningToPIay,103.0,MIDDLE,SOLO,34983603.0,Licorice,53.0,BOTTOM,DUO_SUPPORT,57029156.0,Hey Man You Own
57,2078589304.0,8.0,TOP,SOLO,34983603.0,Licorice,112.0,MIDDLE,SOLO,20115278.0,Aranium,54.0,TOP,SOLO,48547745.0,Fill LFT,203.0,JUNGLE,NONE,20465544.0,WISELEYHO,53.0,BOTTOM,DUO_SUPPORT,32863459.0,Edxecutus,81.0,BOTTOM,DUO_CARRY,20984584.0,GIET MAMAW PHIL,1.0,MIDDLE,SOLO,35590582.0,Annie Bot,201.0,BOTTOM,DUO_SUPPORT,57029156.0,Hey Man You Own,42.0,BOTTOM,DUO_CARRY,30184991.0,Xandertrax,35.0,JUNGLE,NONE,25232745.0,Orgazm
58,2078542172.0,236.0,BOTTOM,DUO_CARRY,37130772.0,legend never die,78.0,TOP,SOLO,34983603.0,Licorice,42.0,MIDDLE,SOLO,20764411.0,Easy,40.0,BOTTOM,DUO_SUPPORT,57029156.0,Hey Man You Own,107.0,JUNGLE,NONE,448372.0,Fragnat1c,81.0,BOTTOM,DUO_CARRY,34133797.0,Aceyy,1.0,MIDDLE,SOLO,35590582.0,Annie Bot,92.0,TOP,SOLO,37542769.0,myQQ1035716423,53.0,BOTTOM,DUO_SUPPORT,24760331.0,evilaxeL,54.0,JUNGLE,NONE,32878327.0,Emily Supports U
59,2078432140.0,267.0,BOTTOM,DUO_SUPPORT,24560785.0,ALLAHU AKBAAAARD,4.0,JUNGLE,NONE,31937841.0,54bomb99,62.0,TOP,SOLO,413139.0,Titan,16.0,BOTTOM,DUO_SUPPORT,19936601.0,prohibit,36.0,JUNGLE,NONE,20748779.0,Jsherr,81.0,BOTTOM,DUO_CARRY,20962399.0,TR TeeSum,64.0,JUNGLE,NONE,73459106.0,YuenManLong,45.0,MIDDLE,SOLO,47651522.0,07scaping,236.0,BOTTOM,DUO_CARRY,34983603.0,Licorice,78.0,TOP,SOLO,23047261.0,Billy Yu
60,2078288229.0,33.0,JUNGLE,NONE,38579589.0,Happy Birfdizzay,18.0,BOTTOM,DUO_CARRY,39071591.0,Critsyl,54.0,TOP,SOLO,30575166.0,Locke Lamora,53.0,BOTTOM,DUO_SUPPORT,64141304.0,NiNiGod,28.0,JUNGLE,NONE,38924512.0,hi i am CURSED,238.0,MIDDLE,SOLO,47371195.0,Kurttttttttttttt,236.0,BOTTOM,DUO_CARRY,28426754.0,Saranghamnida,16.0,BOTTOM,DUO_SUPPORT,32878327.0,Emily Supports U,8.0,TOP,SOLO,34983603.0,Licorice,61.0,MIDDLE,SOLO,36400685.0,W0WFlXZ
61,2078213899.0,236.0,BOTTOM,DUO_CARRY,20868998.0,LockDown Exec,81.0,BOTTOM,DUO_CARRY,22033467.0,VoiDBosS,40.0,BOTTOM,DUO_SUPPORT,23258384.0,TheBadW0lf,421.0,JUNGLE,NONE,29647265.0,Nexevis,34.0,MIDDLE,SOLO,31687588.0,Freeze,117.0,TOP,SOLO,34983603.0,Licorice,68.0,TOP,SOLO,32932398.0,Contractz,107.0,JUNGLE,NONE,73459106.0,YuenManLong,157.0,MIDDLE,SOLO,72680640.0,Eveloken,16.0,BOTTOM,DUO_SUPPORT,20706861.0,LEGEND FOB
62,2078113155.0,42.0,BOTTOM,DUO_CARRY,34133797.0,Aceyy,112.0,MIDDLE,SOLO,22074992.0,Airtom,76.0,JUNGLE,NONE,39783722.0,IlIlIllllllIIlIl,267.0,BOTTOM,DUO_SUPPORT,37388071.0,eMthy,223.0,TOP,SOLO,31616072.0,The Solo King P,18.0,BOTTOM,DUO_CARRY,465551.0,lIlIlIIIIlIIIlII,126.0,MIDDLE,SOLO,49509426.0,BJNA,40.0,BOTTOM,DUO_SUPPORT,40999945.0,Qq1035716423me,114.0,TOP,SOLO,34983603.0,Licorice,64.0,JUNGLE,NONE,73459106.0,YuenManLong
63,2078057406.0,412.0,BOTTOM,DUO_SUPPORT,31588136.0,Zaganox,40.0,BOTTOM,DUO_SUPPORT,36653735.0,MBR Stunt,4.0,MIDDLE,SOLO,19196558.0,Hexadecimal,114.0,TOP,SOLO,34983603.0,Licorice,81.0,BOTTOM,DUO_CARRY,19806051.0,TR Strife,107.0,JUNGLE,NONE,23765764.0,Akunorogia,104.0,JUNGLE,NONE,73170218.0,xxxxcKing,68.0,TOP,SOLO,29699937.0,Sanic Boom,236.0,BOTTOM,DUO_CARRY,44989089.0,Pozay,117.0,MIDDLE,SOLO,73459106.0,YuenManLong
64,2077605861.0,25.0,BOTTOM,DUO_SUPPORT,24760331.0,evilaxeL,38.0,MIDDLE,SOLO,23110168.0,Kimmy Yu,54.0,TOP,SOLO,21328659.0,Rakyero,76.0,JUNGLE,NONE,20019356.0,Ban Nidalee,18.0,BOTTOM,DUO_CARRY,138243.0,One Called Saint,78.0,BOTTOM,DUO_SUPPORT,23789807.0,Marksmans,32.0,JUNGLE,NONE,41681348.0,Sal Jr,81.0,BOTTOM,DUO_CARRY,57029156.0,Hey Man You Own,62.0,MIDDLE,SOLO,24671130.0,Allorim,8.0,TOP,SOLO,34983603.0,Licorice
65,2077602385.0,80.0,TOP,SOLO,23715786.0,KitKatxz,127.0,TOP,SOLO,24671130.0,Allorim,236.0,BOTTOM,DUO_CARRY,34983603.0,Licorice,12.0,BOTTOM,DUO_SUPPORT,57029156.0,Hey Man You Own,238.0,MIDDLE,SOLO,200553.0,mandatorycloud,2.0,JUNGLE,NONE,138243.0,One Called Saint,40.0,BOTTOM,DUO_SUPPORT,24760331.0,evilaxeL,4.0,MIDDLE,SOLO,27794083.0,Gillette,64.0,JUNGLE,NONE,69769708.0,She Limp,104.0,BOTTOM,DUO_CARRY,57039082.0,keanefo
66,2077599893.0,114.0,TOP,SOLO,200553.0,mandatorycloud,223.0,TOP,SOLO,41681348.0,Sal Jr,421.0,JUNGLE,NONE,21134311.0,Skid,40.0,BOTTOM,DUO_SUPPORT,57029156.0,Hey Man You Own,81.0,BOTTOM,DUO_CARRY,32604173.0,UGANDAN ROYALTY,117.0,MIDDLE,SOLO,34983603.0,Licorice,91.0,MIDDLE,SOLO,46280307.0,dj829jdo923hdo82,11.0,JUNGLE,NONE,23715786.0,KitKatxz,26.0,BOTTOM,DUO_SUPPORT,24760331.0,evilaxeL,67.0,BOTTOM,DUO_CARRY,401063.0,xFSN Saber
67,2077567810.0,53.0,BOTTOM,DUO_SUPPORT,20058883.0,MooMooMoooo,412.0,BOTTOM,DUO_SUPPORT,24907087.0,chakhae,76.0,JUNGLE,NONE,48535716.0,eeladin,104.0,BOTTOM,DUO_CARRY,70542063.0,Triumphant Fiora,103.0,MIDDLE,SOLO,39745149.0,Faker Melon,34.0,TOP,SOLO,41926290.0,Herald 0f Death,236.0,BOTTOM,DUO_CARRY,23557909.0,hi im gosu,13.0,MIDDLE,SOLO,21125652.0,KRN Shockader,114.0,TOP,SOLO,34983603.0,Licorice,56.0,JUNGLE,NONE,22922261.0,KRN 0kay
68,2077562506.0,40.0,BOTTOM,DUO_SUPPORT,24907087.0,chakhae,102.0,JUNGLE,NONE,48535716.0,eeladin,238.0,MIDDLE,SOLO,57039082.0,keanefo,78.0,TOP,SOLO,28452508.0,llIlIllIIllIlIlI,412.0,BOTTOM,DUO_SUPPORT,19347207.0,24736512,81.0,BOTTOM,DUO_CARRY,69769708.0,She Limp,114.0,TOP,SOLO,34983603.0,Licorice,4.0,MIDDLE,SOLO,200553.0,mandatorycloud,18.0,BOTTOM,DUO_CARRY,21623482.0,NDP Event,245.0,JUNGLE,NONE,21483550.0,DZG pp7
69,2077528499.0,432.0,BOTTOM,DUO_SUPPORT,24907087.0,chakhae,16.0,BOTTOM,DUO_SUPPORT,36385555.0,dotaku2,223.0,JUNGLE,NONE,25097128.0,im Jungle,429.0,BOTTOM,DUO_CARRY,64349078.0,Joo Won,8.0,MIDDLE,SOLO,23040080.0,Crying,117.0,TOP,SOLO,237707.0,Feht,105.0,MIDDLE,SOLO,53376375.0,Timeless y,245.0,JUNGLE,NONE,48535716.0,eeladin,81.0,BOTTOM,DUO_CARRY,23213125.0,Sikeylol,133.0,JUNGLE,NONE,34983603.0,Licorice
70,2077499164.0,114.0,TOP,SOLO,21429782.0,AnomalyReformed,236.0,BOTTOM,DUO_CARRY,36447212.0,AsianSGpotato,39.0,TOP,SOLO,34983603.0,Licorice,245.0,JUNGLE,NONE,48535716.0,eeladin,117.0,MIDDLE,SOLO,20971952.0,i KeNNy u,201.0,BOTTOM,DUO_SUPPORT,20240406.0,Xeralis,105.0,MIDDLE,SOLO,53376375.0,Timeless y,81.0,BOTTOM,DUO_CARRY,398566.0,OmegaB,203.0,JUNGLE,NONE,21451895.0,Cryptic Reason,12.0,BOTTOM,DUO_SUPPORT,23213125.0,Sikeylol
71,2077476371.0,236.0,BOTTOM,DUO_CARRY,51405.0,C9 Sneaky,104.0,JUNGLE,NONE,72680640.0,Eveloken,91.0,MIDDLE,SOLO,37481045.0,InsanityXXX,12.0,BOTTOM,DUO_SUPPORT,21747804.0,Yami,42.0,BOTTOM,DUO_CARRY,28897827.0,PARKJONGWON,127.0,TOP,SOLO,34983603.0,Licorice,60.0,JUNGLE,NONE,35221469.0,Liquid Inori,157.0,MIDDLE,SOLO,28749880.0,Akaadian,40.0,BOTTOM,DUO_SUPPORT,20962682.0,Sheep6,13.0,TOP,SOLO,21623482.0,NDP Event
72,2077425870.0,117.0,MIDDLE,SOLO,32604173.0,UGANDAN ROYALTY,238.0,MIDDLE,SOLO,22757842.0,JenSharChen,42.0,BOTTOM,DUO_CARRY,59859262.0,Living Mechanics,122.0,TOP,SOLO,19698354.0,BIGGILBERT,89.0,BOTTOM,DUO_SUPPORT,34113765.0,Modern Support,60.0,JUNGLE,NONE,47161782.0,Arachnoph0bia,412.0,BOTTOM,DUO_SUPPORT,21334422.0,Zyphere,81.0,BOTTOM,DUO_CARRY,34983603.0,Licorice,13.0,TOP,SOLO,19738326.0,ZionSpartan,421.0,JUNGLE,NONE,20435125.0,Beasted
73,2077381930.0,64.0,JUNGLE,NONE,50600522.0,ZcarpLLc,107.0,JUNGLE,NONE,22028158.0,I am Fearless,412.0,BOTTOM,DUO_SUPPORT,26074904.0,I AM TOO NASTY,42.0,MIDDLE,SOLO,25243945.0,Prestivent,236.0,BOTTOM,DUO_CARRY,32299406.0,I AM TOO BUFF,223.0,TOP,SOLO,38291484.0,Robert Knepper,133.0,TOP,SOLO,34983603.0,Licorice,18.0,BOTTOM,DUO_CARRY,26712726.0,A Korean Girl,117.0,MIDDLE,SOLO,448372.0,Fragnat1c,12.0,BOTTOM,DUO_SUPPORT,47161782.0,Arachnoph0bia
74,2077350475.0,77.0,JUNGLE,NONE,23166774.0,D Gatez,421.0,JUNGLE,NONE,22028158.0,I am Fearless,103.0,MIDDLE,SOLO,38291484.0,Robert Knepper,13.0,TOP,SOLO,34983603.0,Licorice,81.0,BOTTOM,DUO_CARRY,58590571.0,Synderal,412.0,BOTTOM,DUO_SUPPORT,29605083.0,V is for Virus,75.0,TOP,SOLO,19868602.0,SirhcEzFanBoi,78.0,BOTTOM,DUO_SUPPORT,22991854.0,Turkish Coffee,42.0,BOTTOM,DUO_CARRY,27380863.0,ThatOneGuy,1.0,MIDDLE,SOLO,35590582.0,Annie Bot
75,2077253783.0,2.0,TOP,SOLO,34983603.0,Licorice,203.0,JUNGLE,NONE,36902431.0,The Prayer,18.0,BOTTOM,DUO_CARRY,18995569.0,Pytrigon,99.0,MIDDLE,SOLO,37144097.0,Traya,40.0,BOTTOM,DUO_SUPPORT,24236539.0,Diversa,39.0,TOP,SOLO,21747804.0,Yami,117.0,MIDDLE,SOLO,21147856.0,Valarax,25.0,BOTTOM,DUO_SUPPORT,58060767.0,Adrian Ma,236.0,BOTTOM,DUO_CARRY,521955.0,WildTurtle,57.0,JUNGLE,NONE,22757842.0,JenSharChen
76,2077209739.0,41.0,TOP,SOLO,50877721.0,Doubtfull,104.0,TOP,SOLO,34983603.0,Licorice,81.0,BOTTOM,DUO_CARRY,22523843.0,Enrique2pe,12.0,BOTTOM,DUO_SUPPORT,47419331.0,Vietnamies,161.0,MIDDLE,SOLO,40258860.0,Tiny Warhead,60.0,JUNGLE,NONE,21241388.0,XIV XtremeX,121.0,JUNGLE,NONE,24250693.0,Quest and K0,42.0,MIDDLE,SOLO,443735.0,GordanRamsey,432.0,BOTTOM,DUO_SUPPORT,240344.0,Bladed Thesis,67.0,BOTTOM,DUO_CARRY,38252587.0,redstratos
77,2077168665.0,121.0,JUNGLE,NONE,37532228.0,Expressive,238.0,MIDDLE,SOLO,36447212.0,AsianSGpotato,92.0,TOP,SOLO,37542769.0,myQQ1035716423,76.0,JUNGLE,NONE,20947579.0,GG Oddie,201.0,BOTTOM,DUO_SUPPORT,23293091.0,Vibrato,236.0,BOTTOM,DUO_CARRY,38252587.0,redstratos,429.0,BOTTOM,DUO_CARRY,20706861.0,LEGEND FOB,40.0,BOTTOM,DUO_SUPPORT,28571370.0,Mimsy v2,117.0,MIDDLE,SOLO,43230548.0,Gagdo,114.0,TOP,SOLO,34983603.0,Licorice
78,2077103491.0,60.0,JUNGLE,NONE,72849271.0,Tar ai ais,114.0,TOP,SOLO,34983603.0,Licorice,236.0,BOTTOM,DUO_CARRY,21390649.0,Mikey the Bully,7.0,MIDDLE,SOLO,39057961.0,Imentice,16.0,BOTTOM,DUO_SUPPORT,28571370.0,Mimsy v2,28.0,JUNGLE,NONE,53630931.0,Young Spoderz,42.0,BOTTOM,DUO_CARRY,40835255.0,Stebb,41.0,TOP,SOLO,92961.0,Awakens,40.0,BOTTOM,DUO_SUPPORT,22928703.0,TheLastAirbender,61.0,MIDDLE,SOLO,20640052.0,XPsionicsx
79,2077020782.0,53.0,BOTTOM,DUO_SUPPORT,44600433.0,Soveuhatsugem,432.0,BOTTOM,DUO_SUPPORT,34133797.0,Aceyy,421.0,JUNGLE,NONE,23293091.0,Vibrato,80.0,MIDDLE,SOLO,28901185.0,God Tier Panth,81.0,BOTTOM,DUO_CARRY,19596467.0,The Wonder Pets,127.0,TOP,SOLO,398566.0,OmegaB,60.0,JUNGLE,NONE,50877721.0,Doubtfull,117.0,MIDDLE,SOLO,28571370.0,Mimsy v2,13.0,TOP,SOLO,34983603.0,Licorice,236.0,BOTTOM,DUO_CARRY,38809624.0,Sophist Sage
80,2076798187.0,43.0,TOP,SOLO,23907257.0,Janna Mechanics,78.0,JUNGLE,NONE,23789807.0,Marksmans,1.0,MIDDLE,SOLO,68572495.0,g0g0g0g0g0g0g0g0,127.0,TOP,SOLO,34983603.0,Licorice,42.0,BOTTOM,DUO_CARRY,36349557.0,Wo Hen 666666,12.0,BOTTOM,DUO_SUPPORT,20962682.0,Sheep6,236.0,BOTTOM,DUO_CARRY,19146984.0,jnj e,104.0,JUNGLE,NONE,29647265.0,Nexevis,201.0,BOTTOM,DUO_SUPPORT,23623012.0,YOUMADSIS,34.0,MIDDLE,SOLO,31687588.0,Freeze
81,2076709412.0,8.0,TOP,SOLO,34983603.0,Licorice,104.0,JUNGLE,NONE,29647265.0,Nexevis,78.0,BOTTOM,DUO_SUPPORT,23789807.0,Marksmans,54.0,TOP,SOLO,36718800.0,toontown,429.0,BOTTOM,DUO_CARRY,23150461.0,spermbanked,34.0,MIDDLE,SOLO,31687588.0,Freeze,60.0,JUNGLE,NONE,69892366.0,BestGravesCnMA,91.0,MIDDLE,SOLO,26190939.0,Neiloo,67.0,BOTTOM,DUO_CARRY,68479082.0,C9 Jensen,267.0,BOTTOM,DUO_SUPPORT,25005620.0,R I P Mcbaze
82,2076136750.0,432.0,BOTTOM,DUO_SUPPORT,24760331.0,evilaxeL,77.0,JUNGLE,NONE,71710976.0,Dyrsexual,90.0,MIDDLE,SOLO,21262532.0,SAGA KevinC,133.0,TOP,SOLO,34983603.0,Licorice,16.0,BOTTOM,DUO_SUPPORT,21947923.0,I Shadow l,42.0,BOTTOM,DUO_CARRY,20063901.0,Laborious,41.0,MIDDLE,SOLO,22951043.0,nrg m22n,421.0,JUNGLE,NONE,26082266.0,Zary,81.0,BOTTOM,DUO_CARRY,26251353.0,meurem,54.0,TOP,SOLO,22724185.0,May 13
83,2076124307.0,421.0,JUNGLE,NONE,20435125.0,Beasted,25.0,BOTTOM,DUO_SUPPORT,19424219.0,Radara,127.0,TOP,SOLO,28920560.0,Just10,42.0,BOTTOM,DUO_CARRY,28474419.0,Slush,64.0,JUNGLE,NONE,20397533.0,taro slushy,103.0,MIDDLE,SOLO,39745149.0,Faker Melon,45.0,BOTTOM,DUO_SUPPORT,24760331.0,evilaxeL,81.0,BOTTOM,DUO_CARRY,21334422.0,Zyphere,31.0,MIDDLE,SOLO,21262532.0,SAGA KevinC,133.0,TOP,SOLO,34983603.0,Licorice
84,2076091141.0,236.0,BOTTOM,DUO_CARRY,22079480.0,KonKwon,77.0,JUNGLE,NONE,71710976.0,Dyrsexual,53.0,BOTTOM,DUO_SUPPORT,21262532.0,SAGA KevinC,238.0,MIDDLE,SOLO,29557073.0,Seranok,67.0,BOTTOM,DUO_CARRY,465551.0,lIlIlIIIIlIIIlII,117.0,TOP,SOLO,21623482.0,NDP Event,78.0,JUNGLE,NONE,390600.0,C9 Meteos,133.0,TOP,SOLO,34983603.0,Licorice,81.0,MIDDLE,SOLO,69769708.0,She Limp,201.0,BOTTOM,DUO_SUPPORT,32638311.0,ChinchilaBreeder
85,2076060865.0,114.0,TOP,SOLO,34983603.0,Licorice,42.0,BOTTOM,DUO_CARRY,21706564.0,UnicornGG,1.0,MIDDLE,SOLO,71919484.0,SubieGames,41.0,TOP,SOLO,30743640.0,Hwarang Do,48.0,BOTTOM,DUO_SUPPORT,19793589.0,LoquaciousG,60.0,JUNGLE,NONE,20651931.0,Blumkins,12.0,BOTTOM,DUO_SUPPORT,465551.0,lIlIlIIIIlIIIlII,236.0,BOTTOM,DUO_CARRY,32299406.0,I AM TOO BUFF,76.0,JUNGLE,NONE,22361153.0,Engel des Todes,112.0,MIDDLE,SOLO,29557073.0,Seranok
86,2075997855.0,432.0,BOTTOM,DUO_SUPPORT,19967304.0,Shiphtur,133.0,JUNGLE,NONE,24391296.0,Philly Funtime,90.0,MIDDLE,SOLO,21262532.0,SAGA KevinC,236.0,BOTTOM,DUO_CARRY,37481045.0,InsanityXXX,127.0,TOP,SOLO,34983603.0,Licorice,37.0,BOTTOM,DUO_SUPPORT,57029156.0,Hey Man You Own,110.0,MIDDLE,SOLO,10077.0,scarra,13.0,TOP,SOLO,59589193.0,medium sized DIG,223.0,JUNGLE,NONE,56013836.0,Yo Saki,81.0,BOTTOM,DUO_CARRY,7250.0,ApoIlo Price
87,2075947732.0,24.0,TOP,SOLO,34983603.0,Licorice,42.0,BOTTOM,DUO_CARRY,70339477.0,CLG Daboriftu,13.0,MIDDLE,SOLO,53950456.0,Shout3s Woshi BD,59.0,JUNGLE,NONE,42981270.0,DreamTime,267.0,BOTTOM,DUO_SUPPORT,24560785.0,ALLAHU AKBAAAARD,114.0,TOP,SOLO,48547745.0,U Try U Best,236.0,BOTTOM,DUO_CARRY,40835255.0,Stebb,80.0,MIDDLE,SOLO,23715786.0,KitKatxz,40.0,BOTTOM,DUO_SUPPORT,22928703.0,TheLastAirbender,36.0,JUNGLE,NONE,37253450.0,lading sheshou
88,2075902222.0,24.0,TOP,SOLO,34983603.0,Licorice,267.0,BOTTOM,DUO_SUPPORT,32233540.0,Empress Bee,56.0,JUNGLE,NONE,51408795.0,fuyvznmy,67.0,BOTTOM,DUO_CARRY,32191484.0,xHypoxia,114.0,TOP,SOLO,25743603.0,Exotic Shorthair,103.0,MIDDLE,SOLO,20914354.0,Ranullf,245.0,JUNGLE,NONE,45668239.0,KillerUnit,13.0,MIDDLE,SOLO,53950456.0,Shout3s Woshi BD,236.0,BOTTOM,DUO_CARRY,22738595.0,Gucci Tang,53.0,BOTTOM,DUO_SUPPORT,23715786.0,KitKatxz
89,2075843083.0,42.0,BOTTOM,DUO_CARRY,38880034.0,Soligo,92.0,TOP,SOLO,37786342.0,Focus Riven,121.0,JUNGLE,NONE,20021357.0,Abyssions,236.0,BOTTOM,DUO_CARRY,34022582.0,AIrighty,38.0,MIDDLE,SOLO,45038172.0,Sir Celery,412.0,BOTTOM,DUO_SUPPORT,43652327.0,CurrentOcean,127.0,TOP,SOLO,73170120.0,Echo Fox kfo,103.0,MIDDLE,SOLO,34983603.0,Licorice,203.0,JUNGLE,NONE,42825436.0,Kubz91,64.0,BOTTOM,DUO_SUPPORT,67029804.0,Can Of Tofu
90,2075794598.0,38.0,MIDDLE,SOLO,65875.0,Peridot,421.0,JUNGLE,NONE,25002090.0,Jarood,103.0,MIDDLE,SOLO,24830770.0,Academiic,81.0,BOTTOM,DUO_CARRY,68669177.0,Coggles x,245.0,TOP,SOLO,20901015.0,Stupid Jock,37.0,BOTTOM,DUO_SUPPORT,39071591.0,Critsyl,64.0,JUNGLE,NONE,42825436.0,Kubz91,92.0,TOP,SOLO,32400810.0,Best Riven NA,236.0,BOTTOM,DUO_CARRY,34983603.0,Licorice,432.0,BOTTOM,DUO_SUPPORT,38570501.0,tom12192
91,2075726252.0,131.0,TOP,SOLO,37876161.0,S Diana 2,7.0,MIDDLE,SOLO,24839652.0,Aideren,114.0,TOP,SOLO,34983603.0,Licorice,203.0,JUNGLE,NONE,42825436.0,Kubz91,143.0,BOTTOM,DUO_SUPPORT,28971774.0,SnowFlake C,81.0,BOTTOM,DUO_CARRY,23774286.0,fresh and moist,34.0,MIDDLE,SOLO,41926290.0,Herald 0f Death,64.0,JUNGLE,NONE,24830770.0,Academiic,236.0,BOTTOM,DUO_CARRY,39071591.0,Critsyl,48.0,BOTTOM,DUO_SUPPORT,23519789.0,Sarcasm Orgasm
92,2075680488.0,236.0,BOTTOM,DUO_CARRY,21144092.0,Zergbby,78.0,JUNGLE,NONE,50877721.0,Doubtfull,114.0,TOP,SOLO,34983603.0,Licorice,127.0,MIDDLE,SOLO,42825436.0,Kubz91,25.0,BOTTOM,DUO_SUPPORT,25599243.0,Goxtry,429.0,BOTTOM,DUO_CARRY,20640052.0,XPsionicsx,76.0,JUNGLE,NONE,24491732.0,SmooshyCake,103.0,MIDDLE,SOLO,42981270.0,DreamTime,37.0,BOTTOM,DUO_SUPPORT,35796485.0,MrJuneJune,24.0,TOP,SOLO,21947923.0,I Shadow l
93,2075565923.0,4.0,MIDDLE,SOLO,35323201.0,waxxx,41.0,MIDDLE,SOLO,28039649.0,Chunkylol,81.0,BOTTOM,DUO_CARRY,54886348.0,t d,37.0,BOTTOM,DUO_SUPPORT,36338129.0,The Baker Baking,421.0,JUNGLE,NONE,36119978.0,Kazahana,117.0,TOP,SOLO,19196558.0,Hexadecimal,236.0,BOTTOM,DUO_CARRY,42825436.0,Kubz91,133.0,JUNGLE,NONE,50827543.0,Izaiya,92.0,TOP,SOLO,34983603.0,Licorice,53.0,BOTTOM,DUO_SUPPORT,34304697.0,Indian Mama
94,2075396030.0,4.0,MIDDLE,SOLO,34983603.0,Licorice,41.0,TOP,SOLO,28437579.0,LikeAMaws,34.0,MIDDLE,SOLO,41926290.0,Herald 0f Death,64.0,JUNGLE,NONE,21262532.0,SAGA KevinC,18.0,BOTTOM,DUO_CARRY,26114733.0,Chimonaa1,117.0,BOTTOM,DUO_SUPPORT,32556358.0,GAMER GIRL,92.0,TOP,SOLO,37542769.0,myQQ1035716423,11.0,JUNGLE,NONE,23715786.0,KitKatxz,236.0,BOTTOM,SOLO,19930588.0,Shynon,111.0,JUNGLE,NONE,307822.0,1onz
95,2075352666.0,34.0,MIDDLE,SOLO,41926290.0,Herald 0f Death,99.0,MIDDLE,SOLO,23110168.0,Kimmy Yu,133.0,TOP,SOLO,34983603.0,Licorice,81.0,BOTTOM,DUO_CARRY,21623482.0,NDP Event,12.0,BOTTOM,DUO_SUPPORT,22392184.0,l Goldencondom l,421.0,JUNGLE,NONE,37910602.0,Koonsa,40.0,BOTTOM,DUO_SUPPORT,40999945.0,Qq1035716423me,245.0,JUNGLE,NONE,23715786.0,KitKatxz,223.0,TOP,SOLO,138243.0,One Called Saint,236.0,BOTTOM,DUO_CARRY,22005573.0,caaaaaaaaaaaaake
96,2075290758.0,110.0,MIDDLE,SOLO,10077.0,scarra,102.0,JUNGLE,NONE,19455703.0,cute jungler,92.0,TOP,SOLO,36349557.0,Wo Hen 666666,236.0,BOTTOM,DUO_CARRY,20115278.0,Aranium,131.0,MIDDLE,SOLO,37876161.0,S Diana 2,412.0,BOTTOM,DUO_SUPPORT,41745551.0,Darsuo,42.0,BOTTOM,DUO_CARRY,70339477.0,CLG Daboriftu,267.0,BOTTOM,DUO_SUPPORT,24560785.0,ALLAHU AKBAAAARD,17.0,TOP,SOLO,25166026.0,Ivan Pavlov,64.0,JUNGLE,NONE,34983603.0,Licorice
97,2075222877.0,429.0,BOTTOM,DUO_CARRY,20533841.0,TM8,7.0,MIDDLE,SOLO,10077.0,scarra,67.0,BOTTOM,DUO_CARRY,28465675.0,Potency,39.0,TOP,SOLO,34983603.0,Licorice,76.0,JUNGLE,NONE,37542769.0,myQQ1035716423,16.0,BOTTOM,DUO_SUPPORT,25880450.0,cuck,412.0,BOTTOM,DUO_SUPPORT,21193669.0,Hakuho,19.0,JUNGLE,NONE,21539405.0,Sinickle,115.0,MIDDLE,SOLO,36753193.0,akafack,2.0,TOP,SOLO,30546780.0,MasterMing
98,2075178339.0,122.0,TOP,SOLO,68441133.0,TedddyRO,201.0,BOTTOM,DUO_SUPPORT,73459189.0,Drempa,39.0,TOP,SOLO,34983603.0,Licorice,236.0,BOTTOM,DUO_CARRY,35731579.0,lllIIIllIIlI,238.0,MIDDLE,SOLO,37481045.0,InsanityXXX,131.0,JUNGLE,NONE,25005620.0,R I P Mcbaze,412.0,BOTTOM,DUO_SUPPORT,31198030.0,FrostyLights,3.0,MIDDLE,SOLO,10077.0,scarra,121.0,JUNGLE,NONE,22365457.0,Nativ3 Nut,81.0,BOTTOM,DUO_CARRY,24538246.0,Deep Fried Teemo
99,2074970364.0,4.0,MIDDLE,SOLO,27794083.0,Gillette,67.0,BOTTOM,DUO_CARRY,23557909.0,hi im gosu,117.0,MIDDLE,SOLO,26460764.0,ImThem,122.0,TOP,SOLO,68441133.0,TedddyRO,53.0,BOTTOM,DUO_SUPPORT,34983603.0,Licorice,107.0,JUNGLE,NONE,42825436.0,Kubz91,236.0,BOTTOM,DUO_CARRY,22005573.0,caaaaaaaaaaaaake,77.0,JUNGLE,NONE,37481045.0,InsanityXXX,114.0,TOP,SOLO,50236984.0,Super Smashd,143.0,BOTTOM,DUO_SUPPORT,57029156.0,Hey Man You Own
2079015753,,48.0,TOP,SOLO,23047261.0,Billy Yu,78.0,JUNGLE,NONE,29647265.0,Nexevis,126.0,BOTTOM,DUO_SUPPORT,72519164.0,asdfdjphase,236.0,BOTTOM,DUO_CARRY,28454165.0,runemyear,58.0,TOP,SOLO,21947923.0,I Shadow l,34.0,MIDDLE,SOLO,31687588.0,Freeze,42.0,BOTTOM,DUO_CARRY,50490414.0,WINTER BREAK,238.0,MIDDLE,SOLO,2648.0,Pobelter,40.0,BOTTOM,DUO_SUPPORT,56239277.0,Knight Lance,2.0,JUNGLE,NONE,73459106.0,YuenManLong
2078986615,,40.0,BOTTOM,DUO_SUPPORT,24270448.0,iVier,203.0,JUNGLE,NONE,33809635.0,gregorio,103.0,MIDDLE,SOLO,22436894.0,QG Sw1ft,25.0,BOTTOM,DUO_SUPPORT,22842898.0,Big Otis,236.0,BOTTOM,DUO_CARRY,32292994.0,LL Trigger,114.0,TOP,SOLO,30614752.0,DPSforFPS,154.0,JUNGLE,NONE,22787428.0,SN Fockus,78.0,TOP,SOLO,36782900.0,SN Cavele,67.0,BOTTOM,DUO_CARRY,28447095.0,Vao,7.0,MIDDLE,SOLO,2648.0,Pobelter
2078972808,,112.0,MIDDLE,SOLO,2648.0,Pobelter,223.0,TOP,SOLO,19698094.0,fallenbandit,236.0,BOTTOM,DUO_CARRY,23213125.0,Sikeylol,412.0,BOTTOM,DUO_SUPPORT,20115278.0,Aranium,103.0,MIDDLE,SOLO,21490433.0,goldenglue,76.0,JUNGLE,NONE,21747804.0,Yami,107.0,JUNGLE,NONE,448372.0,Fragnat1c,81.0,BOTTOM,DUO_CARRY,28725693.0,Based Yoona,40.0,BOTTOM,DUO_SUPPORT,47679672.0,iLLesT LoGiK,98.0,TOP,SOLO,22138282.0,AWildMiMo
2078961706,,42.0,MIDDLE,SOLO,2648.0,Pobelter,236.0,BOTTOM,DUO_CARRY,19970245.0,Final Hour Vayne,4.0,MIDDLE,SOLO,27342100.0,LegitKorea,421.0,JUNGLE,NONE,41743864.0,tigerjjayman,40.0,BOTTOM,DUO_SUPPORT,57691156.0,sad yogurt,39.0,TOP,SOLO,20845130.0,TheEggMen,24.0,JUNGLE,NONE,20794181.0,vStarzzz,35.0,BOTTOM,DUO_SUPPORT,21328540.0,McCashDollar,157.0,TOP,SOLO,25021938.0,Wunderful,18.0,BOTTOM,DUO_CARRY,22497176.0,True Miku Fan
2074101839,,99.0,MIDDLE,SOLO,2648.0,Pobelter,23.0,TOP,SOLO,70439369.0,TryndOrDiscoNunu,238.0,MIDDLE,SOLO,30871780.0,CloudNguyen,42.0,BOTTOM,DUO_CARRY,443735.0,GordanRamsey,36.0,JUNGLE,NONE,30125892.0,Nove ,16.0,BOTTOM,DUO_SUPPORT,25880450.0,cuck,236.0,BOTTOM,DUO_CARRY,20610274.0,sexycan,421.0,JUNGLE,NONE,20074883.0,Batmun,40.0,BOTTOM,DUO_SUPPORT,56397325.0,Immortal Adrian,114.0,TOP,SOLO,50236984.0,Super Smashd
2073714648,,81.0,BOTTOM,DUO_CARRY,22991783.0,Im Papa Chau,114.0,TOP,SOLO,19577112.0,Fox BIG,267.0,BOTTOM,DUO_SUPPORT,57029156.0,Hey Man You Own,236.0,BOTTOM,DUO_CARRY,73170082.0,REN Freeze,101.0,MIDDLE,SOLO,28428654.0,ChodeBoy5000,64.0,JUNGLE,NONE,29130154.0,Lackless,104.0,TOP,SOLO,72749305.0,Huni is ADC,99.0,MIDDLE,SOLO,2648.0,Pobelter,412.0,BOTTOM,DUO_SUPPORT,20167809.0,Zerrsog,11.0,JUNGLE,NONE,23715786.0,KitKatxz
2073680570,,59.0,TOP,SOLO,24671130.0,Allorim,104.0,TOP,SOLO,28661557.0,VSG VeryBitter,42.0,BOTTOM,DUO_CARRY,20132258.0,Doublelift,12.0,BOTTOM,DUO_SUPPORT,73120157.0,yellowStar1,60.0,MIDDLE,DUO_SUPPORT,24456215.0,Steefo,238.0,MIDDLE,DUO_CARRY,73099358.0,im not fenix,236.0,BOTTOM,DUO_CARRY,41275742.0,Bulgarian mid,117.0,JUNGLE,NONE,72749305.0,Huni is ADC,4.0,MIDDLE,SOLO,2648.0,Pobelter,40.0,BOTTOM,DUO_SUPPORT,29699937.0,Sanic Boom
2073630097,,133.0,TOP,SOLO,26183864.0,Scherb,432.0,BOTTOM,DUO_SUPPORT,20967557.0,FeelzBardMan,103.0,MIDDLE,SOLO,2648.0,Pobelter,81.0,BOTTOM,DUO_CARRY,27222755.0,Sepeku AW,30.0,JUNGLE,NONE,21259848.0,DiceNrage,104.0,TOP,SOLO,72749305.0,Huni is ADC,115.0,MIDDLE,SOLO,21014987.0,lron Pyrite,78.0,BOTTOM,DUO_SUPPORT,21193669.0,Hakuho,429.0,BOTTOM,DUO_CARRY,20533841.0,TM8,33.0,JUNGLE,NONE,21883744.0,Masterfiend LFT
2066366358,,39.0,MIDDLE,SOLO,2648.0,Pobelter,412.0,BOTTOM,DUO_SUPPORT,65389099.0,OH MY EYE,64.0,JUNGLE,NONE,69769708.0,She Limp,114.0,TOP,SOLO,59589193.0,medium sized DIG,90.0,MIDDLE,SOLO,57039082.0,keanefo,81.0,BOTTOM,DUO_CARRY,43230548.0,Gagdo,48.0,BOTTOM,DUO_SUPPORT,138243.0,One Called Saint,245.0,TOP,SOLO,44979338.0,TransIogic,421.0,JUNGLE,NONE,61109246.0,60 ping,18.0,BOTTOM,DUO_CARRY,51589239.0,Pretty Raheem
2061595095,,432.0,BOTTOM,DUO_SUPPORT,27832011.0,C9 TOXIC JUNGLE,81.0,BOTTOM,DUO_CARRY,32604173.0,UGANDAN ROYALTY,154.0,JUNGLE,NONE,71919334.0,DIG Kirei,53.0,BOTTOM,DUO_SUPPORT,21883744.0,Masterfiend LFT,238.0,MIDDLE,SOLO,27794083.0,Gillette,114.0,TOP,SOLO,65389099.0,OH MY EYE,245.0,MIDDLE,SOLO,2648.0,Pobelter,60.0,JUNGLE,NONE,21747804.0,Yami,48.0,TOP,SOLO,25244896.0,Kunbee,18.0,BOTTOM,DUO_CARRY,44989300.0,C9 StealthBomber
2060578858,,432.0,BOTTOM,DUO_SUPPORT,19360235.0,eryf,131.0,TOP,SOLO,37876161.0,S Diana 2,238.0,MIDDLE,SOLO,34022147.0,Tuesday Chicken,236.0,BOTTOM,DUO_CARRY,30512424.0,1brayle,25.0,BOTTOM,DUO_SUPPORT,22991783.0,Im Papa Chau,60.0,JUNGLE,NONE,20579425.0,Thyak,76.0,JUNGLE,NONE,72839308.0,DontCheese,41.0,MIDDLE,SOLO,2648.0,Pobelter,81.0,BOTTOM,DUO_CARRY,21806931.0,Xenoncas,54.0,TOP,SOLO,26504490.0,Teechu
2060092530,,223.0,BOTTOM,DUO_SUPPORT,26676087.0,1035716423,48.0,BOTTOM,DUO,20823651.0,Liquid Smoothie,236.0,BOTTOM,DUO,27921067.0,EXLTRIKZ,238.0,MIDDLE,SOLO,2648.0,Pobelter,57.0,TOP,SOLO,21472039.0,Tower of God,59.0,JUNGLE,NONE,22951043.0,NRG M0on,21.0,BOTTOM,DUO_CARRY,72219088.0,jungle is succes,112.0,MIDDLE,SOLO,28957790.0,1 for all,98.0,TOP,SOLO,65389099.0,OH MY EYE,104.0,JUNGLE,NONE,72849271.0,sanspareil2016
2060061385,,64.0,JUNGLE,NONE,72219088.0,jungle is succes,48.0,BOTTOM,DUO_SUPPORT,35592112.0,stuntopolis,236.0,BOTTOM,DUO_CARRY,44989300.0,C9 StealthBomber,104.0,JUNGLE,NONE,72849271.0,sanspareil2016,36.0,TOP,SOLO,21883744.0,Masterfiend LFT,61.0,MIDDLE,SOLO,54888638.0,Dir Yuny,81.0,BOTTOM,DUO_CARRY,44979328.0,Peng Yiliang,150.0,TOP,SOLO,390600.0,C9 Meteos,40.0,BOTTOM,DUO_SUPPORT,47706407.0,Liquid Pain,127.0,MIDDLE,SOLO,2648.0,Pobelter
2059176856,,2.0,TOP,SOLO,72839308.0,DontCheese,236.0,BOTTOM,DUO_CARRY,65989131.0,KOTHMCBROFF,54.0,TOP,SOLO,68441133.0,TedddyRO,40.0,BOTTOM,DUO_SUPPORT,56397325.0,Immortal Adrian,60.0,JUNGLE,NONE,19577112.0,Fox BIG,238.0,MIDDLE,SOLO,19877155.0,cesuna,103.0,MIDDLE,SOLO,2648.0,Pobelter,64.0,JUNGLE,NONE,21747804.0,Yami,222.0,BOTTOM,DUO_CARRY,34196431.0,Beautiful Virgin,1.0,BOTTOM,DUO_SUPPORT,35590582.0,Annie Bot
2059160649,,15.0,BOTTOM,DUO_CARRY,23162732.0,JayJ,236.0,BOTTOM,DUO_CARRY,21542029.0,Grigne,154.0,JUNGLE,NONE,21747804.0,Yami,105.0,MIDDLE,SOLO,30206248.0,ktsmurf XD,2.0,TOP,SOLO,21883744.0,Masterfiend LFT,98.0,BOTTOM,DUO_SUPPORT,20576181.0,Bodydr0p,4.0,MIDDLE,SOLO,2648.0,Pobelter,114.0,TOP,SOLO,72581260.0,import top,16.0,BOTTOM,DUO_SUPPORT,568629.0,Raigarak,421.0,JUNGLE,NONE,72839308.0,DontCheese
2058888769,,58.0,TOP,SOLO,37542769.0,myQQ1035716423,61.0,MIDDLE,SOLO,20430775.0,Lutano,21.0,BOTTOM,DUO_CARRY,20739331.0,White,92.0,TOP,SOLO,2648.0,Pobelter,412.0,BOTTOM,DUO_SUPPORT,31555234.0,jamee,32.0,JUNGLE,NONE,55963358.0,snowjapanman,131.0,MIDDLE,SOLO,37876161.0,S Diana 2,236.0,BOTTOM,NONE,62372968.0,STR Near,76.0,BOTTOM,NONE,30125892.0,Nove ,267.0,BOTTOM,NONE,56397325.0,Immortal Adrian
2058078761,,412.0,BOTTOM,DUO_SUPPORT,21144092.0,Zergbby,4.0,MIDDLE,SOLO,25104341.0,SSBM Hax,42.0,BOTTOM,DUO_CARRY,69719185.0,chelly,41.0,TOP,SOLO,65389099.0,OH MY EYE,56.0,JUNGLE,NONE,568629.0,Raigarak,16.0,BOTTOM,DUO_SUPPORT,38038926.0,consensual cl0wn,131.0,MIDDLE,SOLO,37876161.0,S Diana 2,107.0,JUNGLE,NONE,21747804.0,Yami,81.0,BOTTOM,DUO_CARRY,2648.0,Pobelter,39.0,TOP,SOLO,19846821.0,Xazo
2058036195,,33.0,JUNGLE,NONE,39040566.0,Liquid Matt,4.0,MIDDLE,SOLO,25104341.0,SSBM Hax,67.0,BOTTOM,DUO_CARRY,38038926.0,consensual cl0wn,41.0,TOP,SOLO,69719185.0,chelly,412.0,BOTTOM,DUO_SUPPORT,20823651.0,Liquid Smoothie,421.0,JUNGLE,NONE,25244896.0,Kunbee,89.0,BOTTOM,DUO_SUPPORT,568629.0,Raigarak,236.0,BOTTOM,DUO_CARRY,21103810.0,Andybendy,134.0,JUNGLE,NONE,2648.0,Pobelter,238.0,TOP,SOLO,20332093.0,The Italian God
2057924607,,222.0,BOTTOM,SOLO,69719185.0,chelly,127.0,TOP,SOLO,20823651.0,Liquid Smoothie,64.0,JUNGLE,NONE,21747804.0,Yami,18.0,BOTTOM,DUO_CARRY,34287847.0,Liquid fabbbyyy,157.0,JUNGLE,NONE,21124626.0,Rikara,12.0,BOTTOM,DUO_SUPPORT,39040566.0,Liquid Matt,92.0,TOP,SOLO,62000829.0,iQQ1035716423,53.0,JUNGLE,NONE,21883744.0,Masterfiend LFT,4.0,MIDDLE,SOLO,2648.0,Pobelter,421.0,JUNGLE,NONE,22951043.0,NRG M0on
2057878254,,126.0,TOP,SOLO,22507642.0,windking6,16.0,BOTTOM,DUO_SUPPORT,36111109.0,ZatsMod,134.0,MIDDLE,SOLO,2648.0,Pobelter,41.0,TOP,SOLO,21324344.0,blobs,133.0,BOTTOM,DUO_CARRY,20024227.0,Romanium,48.0,JUNGLE,NONE,25244896.0,Kunbee,81.0,BOTTOM,DUO_CARRY,21124626.0,Rikara,4.0,MIDDLE,SOLO,23765764.0,Akunorogia,53.0,BOTTOM,DUO_SUPPORT,31014009.0,Stixxay,64.0,JUNGLE,NONE,21747804.0,Yami
2057856116,,78.0,JUNGLE,NONE,51731724.0,Ninjacrab,429.0,BOTTOM,DUO_CARRY,51589239.0,Pretty Raheem,64.0,JUNGLE,NONE,47651522.0,07scaping,114.0,TOP,SOLO,35592112.0,stuntopolis,103.0,MIDDLE,SOLO,44979338.0,TransIogic,53.0,BOTTOM,DUO_SUPPORT,56397325.0,Immortal Adrian,4.0,MIDDLE,SOLO,2648.0,Pobelter,2.0,JUNGLE,NONE,21367804.0,Bambie,432.0,BOTTOM,DUO_SUPPORT,20962682.0,Sheep6,18.0,BOTTOM,DUO_CARRY,23694674.0,clowob
2057814194,,64.0,JUNGLE,NONE,65389099.0,OH MY EYE,7.0,MIDDLE,SOLO,29248275.0,Revenge,80.0,TOP,SOLO,68441133.0,TedddyRO,236.0,BOTTOM,DUO_CARRY,72849271.0,sanspareil2016,76.0,JUNGLE,NONE,39724091.0,hi its viper,161.0,BOTTOM,DUO_SUPPORT,581716.0,Wolfelol,114.0,TOP,SOLO,564332.0,Lowrlo,4.0,MIDDLE,SOLO,2648.0,Pobelter,412.0,BOTTOM,DUO_SUPPORT,69719185.0,chelly,429.0,BOTTOM,DUO_CARRY,34287847.0,Liquid fabbbyyy
2057522516,,223.0,BOTTOM,DUO_SUPPORT,22046494.0,Hairyabs,412.0,BOTTOM,DUO_SUPPORT,69719185.0,chelly,24.0,TOP,SOLO,65389099.0,OH MY EYE,117.0,MIDDLE,SOLO,22991783.0,Im Papa Chau,42.0,BOTTOM,DUO_CARRY,65409090.0,GodPiglet,64.0,JUNGLE,NONE,32653422.0,skcepsxmB,107.0,JUNGLE,NONE,20389591.0,NA Inori,18.0,BOTTOM,DUO_CARRY,44989300.0,C9 StealthBomber,54.0,TOP,SOLO,532825.0,Chorong,4.0,MIDDLE,SOLO,2648.0,Pobelter
2057491078,,81.0,BOTTOM,DUO_CARRY,581716.0,Wolfelol,432.0,BOTTOM,DUO_SUPPORT,47165206.0,STR Sawyer,76.0,JUNGLE,NONE,21747804.0,Yami,429.0,BOTTOM,DUO_CARRY,21103810.0,Andybendy,54.0,TOP,SOLO,19846821.0,Xazo,103.0,MIDDLE,SOLO,2648.0,Pobelter,203.0,JUNGLE,NONE,72849271.0,sanspareil2016,114.0,TOP,SOLO,65389099.0,OH MY EYE,238.0,MIDDLE,SOLO,69719185.0,chelly,16.0,BOTTOM,DUO_SUPPORT,20112175.0,Rohammers
2057446802,,42.0,BOTTOM,DUO_CARRY,65389099.0,OH MY EYE,12.0,BOTTOM,DUO_SUPPORT,47706407.0,Liquid Pain,21.0,BOTTOM,DUO_CARRY,51589239.0,Pretty Raheem,64.0,JUNGLE,NONE,21747804.0,Yami,114.0,TOP,SOLO,44979338.0,TransIogic,103.0,MIDDLE,SOLO,2648.0,Pobelter,36.0,TOP,SOLO,20112175.0,Rohammers,41.0,MIDDLE,SOLO,581716.0,Wolfelol,223.0,BOTTOM,DUO_SUPPORT,56397325.0,Immortal Adrian,76.0,JUNGLE,NONE,72849271.0,sanspareil2016
2057397548,,107.0,MIDDLE,DUO_SUPPORT,19877155.0,cesuna,111.0,BOTTOM,DUO_SUPPORT,20389591.0,NA Inori,64.0,JUNGLE,NONE,21747804.0,Yami,13.0,MIDDLE,SOLO,44979338.0,TransIogic,81.0,BOTTOM,DUO_CARRY,51589239.0,Pretty Raheem,48.0,TOP,SOLO,72849271.0,sanspareil2016,85.0,BOTTOM,DUO_CARRY,65989131.0,KOTHMCBROFF,114.0,TOP,SOLO,65389099.0,OH MY EYE,412.0,BOTTOM,DUO_SUPPORT,19577112.0,Fox BIG,4.0,MIDDLE,DUO_CARRY,2648.0,Pobelter
2057359231,,103.0,MIDDLE,DUO_CARRY,44979338.0,TransIogic,85.0,BOTTOM,DUO_CARRY,65989131.0,KOTHMCBROFF,61.0,MIDDLE,SOLO,28039649.0,Chunkylol,33.0,TOP,SOLO,19877155.0,cesuna,12.0,BOTTOM,DUO_SUPPORT,19577112.0,Fox BIG,60.0,JUNGLE,NONE,2648.0,Pobelter,64.0,MIDDLE,DUO_SUPPORT,21747804.0,Yami,429.0,BOTTOM,DUO_CARRY,51589239.0,Pretty Raheem,38.0,TOP,SOLO,72849271.0,sanspareil2016,111.0,BOTTOM,DUO_SUPPORT,20389591.0,NA Inori
2057299689,,432.0,BOTTOM,DUO_SUPPORT,51589239.0,Pretty Raheem,236.0,BOTTOM,DUO_CARRY,65409090.0,GodPiglet,63.0,MIDDLE,SOLO,47706407.0,Liquid Pain,76.0,JUNGLE,NONE,72849271.0,sanspareil2016,122.0,TOP,SOLO,68441133.0,TedddyRO,12.0,BOTTOM,DUO_SUPPORT,47594464.0,DogPiglet,223.0,TOP,SOLO,65389099.0,OH MY EYE,64.0,JUNGLE,NONE,44979338.0,TransIogic,103.0,MIDDLE,SOLO,2648.0,Pobelter,81.0,BOTTOM,DUO_CARRY,22140119.0,wxmx
2056461388,,223.0,TOP,SOLO,19199530.0,Xpecial,29.0,BOTTOM,DUO_CARRY,44989300.0,C9 StealthBomber,64.0,JUNGLE,NONE,390600.0,C9 Meteos,12.0,BOTTOM,DUO_SUPPORT,69719185.0,chelly,150.0,TOP,SOLO,21747804.0,Yami,81.0,MIDDLE,SOLO,21103810.0,Andybendy,28.0,JUNGLE,NONE,22991783.0,Im Papa Chau,42.0,BOTTOM,DUO_CARRY,51802872.0,STFU Tit Jeremy,25.0,BOTTOM,DUO_SUPPORT,19969614.0,K The Lost King,238.0,MIDDLE,SOLO,2648.0,Pobelter
2056362840,,143.0,BOTTOM,DUO_SUPPORT,38907423.0,Mithos Yggdrasil,48.0,JUNGLE,NONE,47165206.0,STR Sawyer,122.0,TOP,SOLO,21883744.0,Masterfiend LFT,103.0,MIDDLE,SOLO,28039649.0,Chunkylol,421.0,JUNGLE,NONE,72849271.0,sanspareil2016,67.0,BOTTOM,SOLO,26530897.0,who is she,99.0,MIDDLE,SOLO,581716.0,Wolfelol,81.0,BOTTOM,DUO_CARRY,2648.0,Pobelter,56.0,JUNGLE,NONE,27794083.0,Gillette,114.0,TOP,SOLO,20112175.0,Rohammers
2056318491,,4.0,MIDDLE,SOLO,2648.0,Pobelter,134.0,MIDDLE,SOLO,581716.0,Wolfelol,25.0,TOP,SOLO,20112175.0,Rohammers,429.0,BOTTOM,DUO_CARRY,24332462.0,KiWiKiD,64.0,JUNGLE,NONE,21490433.0,goldenglue,412.0,BOTTOM,DUO_SUPPORT,21883744.0,Masterfiend LFT,33.0,TOP,SOLO,68441133.0,TedddyRO,236.0,BOTTOM,DUO_CARRY,28725693.0,Based Yoona,421.0,JUNGLE,NONE,20389591.0,NA Inori,26.0,BOTTOM,DUO_SUPPORT,19877155.0,cesuna
2056273430,,127.0,TOP,SOLO,20112175.0,Rohammers,4.0,MIDDLE,SOLO,73099358.0,im not fenix,104.0,JUNGLE,NONE,71701144.0,d4rdoch,54.0,TOP,SOLO,56239277.0,Elizabeth Liones,67.0,BOTTOM,DUO_CARRY,2648.0,Pobelter,48.0,BOTTOM,DUO_SUPPORT,26437250.0,Flutterswain,134.0,MIDDLE,SOLO,581716.0,Wolfelol,15.0,BOTTOM,DUO_CARRY,24332462.0,KiWiKiD,43.0,BOTTOM,DUO_SUPPORT,40661961.0,The Tank Man,64.0,JUNGLE,NONE,21490433.0,goldenglue
2056230668,,42.0,BOTTOM,DUO_CARRY,2648.0,Pobelter,76.0,JUNGLE,NONE,72849271.0,sanspareil2016,81.0,BOTTOM,DUO_CARRY,51589239.0,Pretty Raheem,54.0,TOP,SOLO,21883744.0,Masterfiend LFT,112.0,MIDDLE,SOLO,44979338.0,TransIogic,40.0,BOTTOM,DUO_SUPPORT,47706407.0,Liquid Pain,41.0,MIDDLE,SOLO,581716.0,Wolfelol,64.0,JUNGLE,NONE,22507642.0,windking6,150.0,TOP,SOLO,24494578.0,Poppers OP,48.0,BOTTOM,DUO_SUPPORT,19199530.0,Xpecial
2056027117,,21.0,BOTTOM,DUO_CARRY,38924512.0,hi i am CURSED,107.0,TOP,SOLO,73119953.0,Flaxxish,81.0,BOTTOM,DUO_CARRY,2648.0,Pobelter,76.0,JUNGLE,NONE,22951043.0,NRG M0on,43.0,BOTTOM,DUO_SUPPORT,40661961.0,The Tank Man,91.0,MIDDLE,SOLO,44952557.0,Scrumm,117.0,TOP,SOLO,72849271.0,sanspareil2016,41.0,MIDDLE,SOLO,21903966.0,Pekin Woof,161.0,BOTTOM,DUO_SUPPORT,581716.0,Wolfelol,64.0,JUNGLE,NONE,32932398.0,Contractz
2055633452,,92.0,TOP,SOLO,2648.0,Pobelter,76.0,JUNGLE,NONE,22951043.0,NRG M0on,114.0,TOP,SOLO,73119953.0,Flaxxish,236.0,BOTTOM,DUO_CARRY,170340.0,Lil TM8,111.0,BOTTOM,DUO_SUPPORT,73169861.0,HustlinBonNA,238.0,MIDDLE,SOLO,34687275.0,Twitch Z Y XYDRA,131.0,MIDDLE,SOLO,43230548.0,lIIllIllIl,64.0,JUNGLE,NONE,69769708.0,She Limp,432.0,BOTTOM,DUO_SUPPORT,24560785.0,Pooky Wan Kenobi,81.0,BOTTOM,DUO_CARRY,23162732.0,JayJ
2054650177,,104.0,BOTTOM,DUO_CARRY,21367804.0,Bambie,38.0,MIDDLE,SOLO,65409090.0,GodPiglet,26.0,BOTTOM,DUO_SUPPORT,390600.0,C9 Meteos,15.0,BOTTOM,DUO_CARRY,44989300.0,C9 StealthBomber,75.0,TOP,SOLO,68441133.0,TedddyRO,60.0,JUNGLE,NONE,22046494.0,Hairyabs,238.0,MIDDLE,SOLO,2648.0,Pobelter,76.0,JUNGLE,NONE,69769708.0,She Limp,54.0,TOP,SOLO,28609701.0,Riesig,48.0,BOTTOM,DUO_SUPPORT,532825.0,Chorong
2078745822,,134.0,MIDDLE,SOLO,21498922.0,TR Linsanity,121.0,JUNGLE,NONE,47371195.0,Kurttttttttttttt,223.0,TOP,SOLO,20112175.0,Rohammers,81.0,BOTTOM,DUO_CARRY,26737937.0,Zzzzzzzzz Baby,412.0,BOTTOM,DUO_SUPPORT,25403638.0,Reservation,4.0,MIDDLE,SOLO,28609701.0,Riesig,76.0,JUNGLE,NONE,21747804.0,Yami,41.0,TOP,SOLO,24671130.0,Allorim,236.0,BOTTOM,DUO_CARRY,20074883.0,Junglar OnLee,40.0,BOTTOM,DUO_SUPPORT,30109995.0,Dylan Q Ta
2078722666,,103.0,MIDDLE,SOLO,21498922.0,TR Linsanity,203.0,JUNGLE,NONE,23715786.0,KitKatxz,54.0,MIDDLE,SOLO,20435125.0,Beasted,42.0,BOTTOM,DUO_CARRY,38966845.0,HOoZy2,2.0,TOP,SOLO,19770082.0,Cris,53.0,BOTTOM,DUO_SUPPORT,21334422.0,Zyphere,236.0,BOTTOM,DUO_CARRY,35570736.0,camtheham,412.0,BOTTOM,DUO_SUPPORT,19806051.0,TR Strife,41.0,JUNGLE,NONE,24671130.0,Allorim,64.0,JUNGLE,NONE,22138282.0,AWildMiMo
2078663920,,4.0,MIDDLE,SOLO,21498922.0,TR Linsanity,13.0,MIDDLE,SOLO,21125652.0,KRN Shockader,34.0,TOP,SOLO,43807141.0,iluvcurry69,412.0,BOTTOM,DUO_SUPPORT,40999945.0,Qq1035716423me,245.0,JUNGLE,NONE,23715786.0,KitKatxz,42.0,BOTTOM,DUO_CARRY,22922261.0,KRN 0kay,64.0,JUNGLE,NONE,22138282.0,AWildMiMo,236.0,BOTTOM,DUO_CARRY,35570736.0,camtheham,40.0,BOTTOM,DUO_SUPPORT,19806051.0,TR Strife,114.0,TOP,SOLO,20868998.0,LockDown Exec
2078608407,,41.0,TOP,SOLO,28039649.0,Chunkylol,36.0,JUNGLE,NONE,20868998.0,LockDown Exec,74.0,MIDDLE,SOLO,34761215.0,Ajido,24.0,TOP,SOLO,27794083.0,Gillette,111.0,BOTTOM,DUO_SUPPORT,73759302.0,Taikki,429.0,BOTTOM,DUO_CARRY,525607.0,Diamond,421.0,JUNGLE,NONE,37910602.0,twi tv trixondog,25.0,BOTTOM,DUO_SUPPORT,20082683.0,Quantum Fizzics,42.0,BOTTOM,DUO_CARRY,19806051.0,TR Strife,134.0,MIDDLE,SOLO,21498922.0,TR Linsanity
2078592445,,40.0,BOTTOM,DUO_SUPPORT,19806051.0,TR Strife,203.0,JUNGLE,NONE,390600.0,C9 Meteos,13.0,MIDDLE,SOLO,28039649.0,Chunkylol,25.0,BOTTOM,DUO_SUPPORT,442232.0,aphromoo,98.0,TOP,SOLO,40999945.0,Qq1035716423me,17.0,BOTTOM,DUO_CARRY,31014009.0,Stixxay,236.0,BOTTOM,DUO_CARRY,31588136.0,Zaganox,117.0,MIDDLE,SOLO,21498922.0,TR Linsanity,24.0,TOP,SOLO,27794083.0,Gillette,76.0,JUNGLE,NONE,37910602.0,twi tv trixondog
2078494759,,40.0,BOTTOM,DUO_SUPPORT,465551.0,lIlIlIIIIlIIIlII,432.0,BOTTOM,DUO_SUPPORT,27291302.0,Hanjaro,81.0,MIDDLE,SOLO,19984811.0,hacking machine,67.0,BOTTOM,DUO_CARRY,37548214.0,L0L Wal,203.0,JUNGLE,NONE,37832463.0,Eitori,12.0,TOP,SOLO,20058883.0,MooMooMoooo,236.0,BOTTOM,DUO_CARRY,19806051.0,TR Strife,421.0,MIDDLE,DUO_SUPPORT,21747804.0,Yami,4.0,MIDDLE,DUO_CARRY,21498922.0,TR Linsanity,27.0,TOP,SOLO,19470447.0,Minishcap1
2078437727,,42.0,MIDDLE,SOLO,22005573.0,caaaaaaaaaaaaake,76.0,JUNGLE,NONE,390600.0,C9 Meteos,236.0,BOTTOM,DUO_CARRY,19806051.0,TR Strife,7.0,MIDDLE,SOLO,30206248.0,ktsmurf XD,98.0,TOP,SOLO,37910602.0,twi tv trixondog,12.0,BOTTOM,DUO_SUPPORT,21498922.0,TR Linsanity,81.0,BOTTOM,DUO_CARRY,66541554.0,Unknown JungIer,40.0,BOTTOM,DUO_SUPPORT,66401633.0,SKT Frost,203.0,JUNGLE,NONE,21124626.0,Rikara,114.0,TOP,SOLO,27794083.0,Gillette
2078420894,,13.0,JUNGLE,NONE,72680640.0,Eveloken,38.0,TOP,SOLO,465551.0,lIlIlIIIIlIIIlII,76.0,JUNGLE,NONE,21193032.0,dog2,40.0,BOTTOM,DUO,307822.0,1onz,236.0,BOTTOM,DUO,19930588.0,Shynon,133.0,MIDDLE,SOLO,22941674.0,Nebulite,28.0,JUNGLE,NONE,53630931.0,Young Spoderz,238.0,MIDDLE,SOLO,21498922.0,TR Linsanity,201.0,BOTTOM,DUO,26851284.0,Liquid Painless,42.0,BOTTOM,DUO,19806051.0,TR Strife
2078291836,,236.0,BOTTOM,DUO_CARRY,19806051.0,TR Strife,81.0,BOTTOM,DUO_CARRY,22076548.0,TheIntenseMango,25.0,BOTTOM,DUO_SUPPORT,21786647.0,Cosmic Death,103.0,MIDDLE,SOLO,25005620.0,R I P Mcbaze,58.0,TOP,SOLO,20962682.0,Sheep6,64.0,JUNGLE,NONE,25060965.0,Hollywood NA,92.0,TOP,SOLO,23765764.0,Akunorogia,60.0,JUNGLE,NONE,37481045.0,InsanityXXX,7.0,MIDDLE,SOLO,21498922.0,TR Linsanity,78.0,BOTTOM,DUO_SUPPORT,68441133.0,TedddyRO
2078172638,,40.0,BOTTOM,DUO_SUPPORT,22928703.0,TheLastAirbender,102.0,JUNGLE,NONE,48535716.0,eeladin,236.0,BOTTOM,DUO_CARRY,23855467.0,Shorthop,4.0,MIDDLE,SOLO,21498922.0,TR Linsanity,34.0,TOP,SOLO,43807141.0,iluvcurry69,111.0,BOTTOM,DUO_SUPPORT,22143513.0,Lord Christo II,421.0,JUNGLE,NONE,38318616.0,Tolemeo,105.0,MIDDLE,SOLO,22141445.0,SandPaperX,78.0,TOP,SOLO,40703542.0,Unpleasant,81.0,BOTTOM,DUO_CARRY,40835255.0,Stebb
2078056945,,223.0,BOTTOM,DUO_SUPPORT,35613563.0,Q1035716423,117.0,MIDDLE,SOLO,19360235.0,eryf,429.0,BOTTOM,DUO_CARRY,20132258.0,Doublelift,12.0,BOTTOM,DUO_SUPPORT,73120157.0,yellowStar1,154.0,JUNGLE,NONE,35221469.0,Liquid Inori,150.0,TOP,SOLO,66541554.0,Unknown JungIer,42.0,MIDDLE,SOLO,21498922.0,TR Linsanity,236.0,BOTTOM,DUO_CARRY,59884386.0,QQ1035716423q,114.0,TOP,SOLO,27794083.0,Gillette,60.0,JUNGLE,NONE,31555234.0,jamee
2078016859,,412.0,BOTTOM,DUO_SUPPORT,23623012.0,YOUMADSIS,60.0,JUNGLE,NONE,32672912.0,Damonte,236.0,BOTTOM,DUO_CARRY,21557951.0,EvanRL,117.0,TOP,SOLO,19360235.0,eryf,127.0,MIDDLE,SOLO,20167809.0,Zerrsog,40.0,BOTTOM,DUO_SUPPORT,22292020.0,Clyde Bot,4.0,MIDDLE,SOLO,21498922.0,TR Linsanity,203.0,JUNGLE,NONE,31555234.0,jamee,2.0,TOP,SOLO,35613563.0,Q1035716423,22.0,BOTTOM,DUO_CARRY,59884386.0,QQ1035716423q
2077938487,,15.0,BOTTOM,DUO_CARRY,22141445.0,SandPaperX,40.0,BOTTOM,DUO_SUPPORT,40661961.0,The Tank Man,7.0,MIDDLE,SOLO,73469273.0,IlilillIIllIl,76.0,JUNGLE,NONE,21747804.0,Yami,223.0,TOP,SOLO,41745551.0,Darsuo,42.0,BOTTOM,DUO_CARRY,20024304.0,Slooshi8,4.0,MIDDLE,SOLO,21498922.0,TR Linsanity,421.0,JUNGLE,NONE,69892366.0,BestGravesCnMA,13.0,TOP,SOLO,22033467.0,VoiDBosS,267.0,BOTTOM,DUO_SUPPORT,24560785.0,ALLAHU AKBAAAARD
2077931462,,133.0,TOP,SOLO,21498922.0,TR Linsanity,78.0,BOTTOM,DUO_SUPPORT,34680633.0,Koby,134.0,MIDDLE,SOLO,581716.0,Wolfelol,51.0,BOTTOM,DUO_CARRY,20779460.0,King Brew,23.0,TOP,SOLO,37774807.0,BJRodgers,60.0,JUNGLE,NONE,47161782.0,Arachnoph0bia,76.0,JUNGLE,NONE,68159208.0,DW shernfire ROC,40.0,BOTTOM,DUO_SUPPORT,40661961.0,The Tank Man,103.0,MIDDLE,SOLO,26074904.0,I AM TOO NASTY,236.0,BOTTOM,DUO_CARRY,32299406.0,I AM TOO BUFF
2077895818,,114.0,TOP,SOLO,32672912.0,Damonte,4.0,MIDDLE,SOLO,21498922.0,TR Linsanity,76.0,JUNGLE,NONE,21747804.0,Yami,26.0,BOTTOM,DUO_SUPPORT,24560785.0,ALLAHU AKBAAAARD,236.0,BOTTOM,DUO_CARRY,20026563.0,baddies tilt me,54.0,TOP,SOLO,25244896.0,Kunbee,112.0,MIDDLE,SOLO,32311909.0,Ragexx,60.0,JUNGLE,NONE,69892366.0,BestGravesCnMA,429.0,BOTTOM,DUO_CARRY,53373482.0,An Nuo l,412.0,BOTTOM,DUO_SUPPORT,19360235.0,eryf
2077849467,,150.0,TOP,SOLO,24444602.0,King Kenneth,238.0,MIDDLE,SOLO,32311909.0,Ragexx,121.0,JUNGLE,NONE,24250693.0,Quest and K0,25.0,BOTTOM,DUO_SUPPORT,51536565.0,carlyraejepsen69,429.0,BOTTOM,DUO_CARRY,53373482.0,An Nuo l,27.0,TOP,SOLO,19470447.0,Minishcap1,127.0,MIDDLE,SOLO,28039649.0,Chunkylol,60.0,JUNGLE,NONE,21262532.0,SAGA KevinC,16.0,BOTTOM,DUO_SUPPORT,23258384.0,TheBadW0lf,236.0,BOTTOM,DUO_CARRY,21498922.0,TR Linsanity
2077828181,,27.0,TOP,SOLO,19470447.0,Minishcap1,76.0,JUNGLE,NONE,19925775.0,1993 nice boy,236.0,BOTTOM,DUO_CARRY,40999945.0,Qq1035716423me,25.0,BOTTOM,DUO_SUPPORT,24444602.0,King Kenneth,54.0,TOP,SOLO,24250693.0,Quest and K0,157.0,MIDDLE,SOLO,32311909.0,Ragexx,18.0,BOTTOM,DUO_CARRY,21498922.0,TR Linsanity,412.0,BOTTOM,DUO_SUPPORT,37388071.0,eMthy,90.0,MIDDLE,SOLO,21262532.0,SAGA KevinC,245.0,JUNGLE,NONE,53373482.0,An Nuo l
2077290615,,41.0,MIDDLE,SOLO,21498922.0,TR Linsanity,78.0,TOP,SOLO,67019274.0,Miyu Loves You,203.0,BOTTOM,DUO_CARRY,30936371.0,Jayms,76.0,JUNGLE,NONE,25317334.0,rejoovenation,61.0,MIDDLE,SOLO,21133544.0,Jeem,267.0,BOTTOM,DUO_SUPPORT,50749225.0,SoreScar,40.0,BOTTOM,DUO_SUPPORT,37388071.0,eMthy,68.0,TOP,SOLO,30365948.0,Jos,60.0,JUNGLE,NONE,30319179.0,ALL CAPS LEGEND,236.0,BOTTOM,DUO_CARRY,19806051.0,TR Strife
2077231580,,78.0,BOTTOM,DUO_SUPPORT,32004867.0,Alexandtheo,67.0,BOTTOM,DUO_CARRY,26712726.0,A Korean Girl,133.0,TOP,SOLO,36579620.0,KillerHeedonge,57.0,MIDDLE,SOLO,10077.0,scarra,64.0,JUNGLE,NONE,21262532.0,SAGA KevinC,12.0,BOTTOM,DUO_SUPPORT,34807542.0,Gifting,238.0,TOP,SOLO,37832463.0,Eitori,114.0,MIDDLE,SOLO,21498922.0,TR Linsanity,76.0,JUNGLE,NONE,390600.0,C9 Meteos,42.0,BOTTOM,DUO_CARRY,19806051.0,TR Strife
2077167467,,36.0,TOP,SOLO,53373482.0,An Nuo l,236.0,BOTTOM,DUO_CARRY,26712726.0,A Korean Girl,223.0,TOP,SOLO,21947923.0,I Shadow l,105.0,MIDDLE,SOLO,10077.0,scarra,40.0,BOTTOM,DUO_SUPPORT,24907087.0,chakhae,64.0,JUNGLE,NONE,21567033.0,Edgeism,4.0,MIDDLE,SOLO,21498922.0,TR Linsanity,12.0,BOTTOM,DUO_SUPPORT,20640052.0,XPsionicsx,81.0,BOTTOM,DUO_CARRY,19806051.0,TR Strife,203.0,JUNGLE,NONE,65399098.0,C9 Rush
2077131617,,421.0,JUNGLE,NONE,37910602.0,twi tv trixondog,25.0,BOTTOM,DUO_SUPPORT,24560785.0,ALLAHU AKBAAAARD,112.0,MIDDLE,SOLO,22963297.0,stfedsufenuf,85.0,TOP,SOLO,27519370.0,Bobjenkins,236.0,BOTTOM,DUO_CARRY,19806051.0,TR Strife,104.0,JUNGLE,NONE,21498922.0,TR Linsanity,201.0,BOTTOM,DUO_SUPPORT,24907087.0,chakhae,127.0,TOP,SOLO,19770082.0,Cris,81.0,BOTTOM,DUO_CARRY,42981270.0,DreamTime,103.0,MIDDLE,SOLO,43230548.0,Gagdo
2076957945,,63.0,TOP,SOLO,24560785.0,ALLAHU AKBAAAARD,429.0,BOTTOM,DUO_CARRY,66541554.0,Unknown JungIer,4.0,MIDDLE,SOLO,25005620.0,R I P Mcbaze,412.0,BOTTOM,DUO_SUPPORT,19806051.0,TR Strife,78.0,JUNGLE,NONE,21498922.0,TR Linsanity,27.0,TOP,SOLO,19470447.0,Minishcap1,103.0,MIDDLE,SOLO,42981270.0,DreamTime,53.0,BOTTOM,DUO_SUPPORT,20962682.0,Sheep6,203.0,JUNGLE,NONE,26082266.0,Zary,51.0,BOTTOM,DUO_CARRY,43230548.0,Gagdo
2076890424,,12.0,JUNGLE,NONE,22033467.0,VoiDBosS,238.0,MIDDLE,SOLO,40835255.0,Stebb,51.0,BOTTOM,SOLO,32878327.0,Emily Supports U,133.0,TOP,SOLO,20387972.0,grnlefboy,40.0,JUNGLE,NONE,22928703.0,TheLastAirbender,60.0,JUNGLE,NONE,33987970.0,ChickenNugget,421.0,JUNGLE,NONE,69892366.0,BestGravesCnMA,42.0,BOTTOM,SOLO,21498922.0,TR Linsanity,68.0,TOP,SOLO,37481045.0,InsanityXXX,91.0,MIDDLE,SOLO,26190939.0,Neiloo
2076484282,,81.0,BOTTOM,DUO_CARRY,19243208.0,chuck normis,99.0,MIDDLE,SOLO,30622607.0,DCMA Facker,223.0,TOP,SOLO,23132551.0,Trick2s Hairline,48.0,BOTTOM,DUO_SUPPORT,25192823.0,Hoan,236.0,BOTTOM,DUO_CARRY,64842906.0,Mogric,60.0,JUNGLE,NONE,23568562.0,HvK LiquidDiego,4.0,MIDDLE,SOLO,21498922.0,TR Linsanity,154.0,JUNGLE,NONE,39525309.0,WoIff,12.0,BOTTOM,DUO_SUPPORT,28641263.0,O N,114.0,TOP,SOLO,41002628.0,Dibrickishaw
2076427121,,68.0,TOP,SOLO,26676087.0,Xiao Yuu,18.0,BOTTOM,DUO_CARRY,21498922.0,TR Linsanity,76.0,JUNGLE,NONE,28978271.0,deps,114.0,TOP,SOLO,29647265.0,Nexevis,34.0,MIDDLE,SOLO,31687588.0,Freeze,12.0,BOTTOM,DUO_SUPPORT,42764529.0,Hotrodtough,64.0,JUNGLE,NONE,54888638.0,Dir Yuny,63.0,MIDDLE,SOLO,59884386.0,QQ1035716423q,42.0,BOTTOM,DUO_CARRY,40835255.0,Stebb,1.0,BOTTOM,DUO_SUPPORT,20963430.0,5 2 0 1 3 
2076412899,,117.0,TOP,SOLO,20112175.0,Rohammers,127.0,MIDDLE,SOLO,37737799.0,The Tilted Meme,119.0,BOTTOM,DUO_CARRY,66803988.0,Geraniho,104.0,TOP,SOLO,24662712.0,Doctapimpin,12.0,BOTTOM,DUO_SUPPORT,71715.0,MeNoHaxor,56.0,JUNGLE,NONE,25850956.0,Nightblue3,236.0,BOTTOM,DUO_CARRY,20074883.0,Batmun,60.0,JUNGLE,NONE,21241388.0,XIV XtremeX,53.0,BOTTOM,DUO_SUPPORT,21125652.0,KRN Shockader,7.0,MIDDLE,SOLO,21498922.0,TR Linsanity
2076371621,,57.0,TOP,SOLO,23258384.0,TheBadW0lf,48.0,BOTTOM,DUO_SUPPORT,28641263.0,O N,98.0,TOP,SOLO,26123163.0,Extremely Stupid,119.0,BOTTOM,DUO_CARRY,66803988.0,Geraniho,4.0,MIDDLE,SOLO,21498922.0,TR Linsanity,104.0,JUNGLE,NONE,23162549.0,Guonade,12.0,BOTTOM,DUO_SUPPORT,21241388.0,XIV XtremeX,11.0,JUNGLE,NONE,25850956.0,Nightblue3,110.0,BOTTOM,DUO_CARRY,32311174.0,MikeHct,117.0,MIDDLE,SOLO,71715.0,MeNoHaxor
2076040563,,429.0,BOTTOM,DUO_CARRY,21334422.0,Zyphere,103.0,MIDDLE,SOLO,34290293.0,Gluteus,60.0,JUNGLE,NONE,20163405.0,Artha,81.0,BOTTOM,DUO_CARRY,51899902.0,JJunWon,432.0,BOTTOM,DUO_SUPPORT,23038926.0,Holyduck,114.0,TOP,SOLO,28835988.0,I Voice I,25.0,BOTTOM,DUO_SUPPORT,71609306.0,BB Enju,421.0,JUNGLE,NONE,20435125.0,Beasted,4.0,MIDDLE,SOLO,21498922.0,TR Linsanity,150.0,TOP,SOLO,23573965.0,Blademanzen
2076002785,,104.0,BOTTOM,DUO_CARRY,24671130.0,Allorim,36.0,JUNGLE,NONE,41745551.0,Darsuo,4.0,MIDDLE,SOLO,48547745.0,U Try U Best,81.0,BOTTOM,DUO_CARRY,34088689.0,Outbreak Company,12.0,BOTTOM,DUO_SUPPORT,21241388.0,XIV XtremeX,114.0,TOP,SOLO,21498922.0,TR Linsanity,60.0,JUNGLE,NONE,47161782.0,Arachnoph0bia,13.0,TOP,SOLO,26314816.0,Kitzuo,41.0,MIDDLE,SOLO,43230548.0,Gagdo,40.0,BOTTOM,DUO_SUPPORT,22586751.0,Masayoshi
